y_true,y_prob,y_pred
1,0.9845762252807617,1
0,0.001523033482953906,0
0,0.05485258623957634,0
0,0.011083757504820824,0
0,0.9008505940437317,1
1,0.9998853206634521,1
1,0.7113245129585266,1
0,0.34510964155197144,0
0,0.0012344056740403175,0
1,0.8730370402336121,1
1,0.9995315074920654,1
0,0.5530936121940613,1
1,0.9953547716140747,1
1,0.9657294750213623,1
0,0.0031599143985658884,0
0,0.0008135915268212557,0
1,0.9891330599784851,1
1,0.997501790523529,1
1,0.9983677268028259,1
1,0.9998340606689453,1
0,0.12421352416276932,0
0,0.214060440659523,0
0,0.2134193629026413,0
1,0.9998488426208496,1
1,0.9984725117683411,1
0,0.07256225496530533,0
1,0.9962677359580994,1
0,0.19144412875175476,0
0,0.39474570751190186,0
1,0.7742452621459961,1
1,0.8065428137779236,1
1,0.9755751490592957,1
0,0.5667486786842346,1
0,0.006896920967847109,0
1,0.9998947381973267,1
0,0.5617599487304688,1
1,0.0008022625115700066,0
1,0.4185810387134552,0
0,0.017973899841308594,0
0,0.08525184541940689,0
0,0.009067878127098083,0
1,0.9999910593032837,1
1,0.7294887900352478,1
1,0.46827003359794617,0
0,0.15297986567020416,0
0,0.8770198225975037,1
0,0.0007816834258846939,0
0,0.3971855342388153,0
1,0.9734314680099487,1
1,0.8648990392684937,1
0,0.21500268578529358,0
0,0.836706280708313,1
1,0.9605653882026672,1
1,0.9996793270111084,1
1,0.8320322036743164,1
1,0.34129950404167175,0
1,0.8975847363471985,1
1,0.9740221500396729,1
0,0.13674980401992798,0
1,0.30308693647384644,0
1,0.6650809645652771,1
0,0.25057554244995117,0
0,0.003079715184867382,0
0,7.44835997465998e-05,0
0,0.009851358830928802,0
0,0.3813464939594269,0
1,0.5522507429122925,1
1,0.7390795946121216,1
1,0.8940221667289734,1
0,0.00033741252264007926,0
0,0.03252558410167694,0
1,0.7926607131958008,1
1,0.8423677682876587,1
1,0.21666370332241058,0
0,0.06361695379018784,0
1,0.9919682145118713,1
1,0.9160037040710449,1
1,0.023771928623318672,0
0,0.020667243748903275,0
0,0.16579100489616394,0
1,0.907598614692688,1
1,0.9964038133621216,1
0,0.24704459309577942,0
1,0.9999545812606812,1
1,0.9476611018180847,1
0,0.04504743963479996,0
0,0.011381280608475208,0
0,0.24490538239479065,0
0,0.43960267305374146,0
0,0.23774711787700653,0
0,0.000630672147963196,0
1,0.9632958769798279,1
1,0.6922726035118103,1
0,0.09286084026098251,0
0,0.37260764837265015,0
1,0.9999301433563232,1
1,0.9999792575836182,1
0,0.0007058285409584641,0
0,0.9999219179153442,1
1,0.9998294115066528,1
0,0.05917329341173172,0
1,0.11807585507631302,0
0,0.256391316652298,0
1,0.9039884805679321,1
0,0.04628419876098633,0
0,0.0008493912755511701,0
0,0.08799028396606445,0
1,0.14117978513240814,0
0,0.0022581415250897408,0
0,0.301739364862442,0
1,0.9869352579116821,1
0,0.06562448292970657,0
1,0.996917724609375,1
0,0.014768684282898903,0
0,0.029910825192928314,0
1,0.7058767676353455,1
1,0.9705624580383301,1
0,0.7140831351280212,1
0,0.00047562416875734925,0
0,0.001593759749084711,0
1,0.8925943374633789,1
1,0.0003590306732803583,0
0,0.004269799217581749,0
0,0.223936527967453,0
1,0.9979944229125977,1
1,0.9852643609046936,1
1,0.7014069557189941,1
0,0.002344743814319372,0
0,0.980273962020874,1
1,0.9866923689842224,1
1,0.1661478877067566,0
0,0.019901828840374947,0
1,0.8594483733177185,1
0,0.0006752943154424429,0
1,0.8296915292739868,1
1,0.9887855052947998,1
0,0.037638142704963684,0
0,0.015130444429814816,0
1,0.41690129041671753,0
0,0.32043248414993286,0
0,0.04029064252972603,0
0,0.009388704784214497,0
0,0.024196507409214973,0
1,0.5966225862503052,1
0,0.5778579711914062,1
1,0.003247673623263836,0
1,0.992006242275238,1
1,0.9217209219932556,1
1,0.1944541484117508,0
0,0.05198898911476135,0
0,0.0014961576089262962,0
1,0.9911543130874634,1
1,0.16000691056251526,0
1,0.0014773941366001964,0
0,0.11139257997274399,0
1,0.9656457304954529,1
0,0.06736154109239578,0
0,0.08868230879306793,0
0,0.049089569598436356,0
1,0.15355545282363892,0
0,0.006459412630647421,0
1,0.9481029510498047,1
0,0.00365046551451087,0
1,0.08036117255687714,0
1,0.9092499017715454,1
0,0.0004286411567591131,0
0,0.990511953830719,1
1,0.05759292095899582,0
1,0.5794153809547424,1
1,0.999829888343811,1
0,0.0009789052419364452,0
1,0.910140872001648,1
0,0.5655409097671509,1
1,0.9245672821998596,1
0,0.019987860694527626,0
1,0.892220675945282,1
0,0.6169206500053406,1
0,0.17686472833156586,0
1,0.47919073700904846,0
1,0.9986867308616638,1
0,7.793395343469456e-05,0
1,0.6138738393783569,1
0,0.0770573616027832,0
0,0.989190936088562,1
0,0.00019453563436400145,0
1,0.00037221869570203125,0
0,0.003306461265310645,0
1,0.9662670493125916,1
1,0.7020474076271057,1
1,0.7732354998588562,1
1,0.6735386252403259,1
1,0.5147727131843567,1
1,0.7678152322769165,1
1,0.992476761341095,1
1,0.8720352649688721,1
0,0.013944467529654503,0
1,0.6944724917411804,1
1,0.992542028427124,1
0,0.008168165571987629,0
1,0.9927459359169006,1
0,0.7488487362861633,1
0,0.0024826666340231895,0
1,0.9766480922698975,1
0,0.45963045954704285,0
0,0.01814405620098114,0
0,0.5568285584449768,1
1,0.13860586285591125,0
1,0.9960160851478577,1
1,0.00863579660654068,0
1,0.9973475933074951,1
1,0.4122674763202667,0
0,0.3332032859325409,0
1,0.6364462971687317,1
0,0.1713128387928009,0
0,0.4359184801578522,0
0,0.9971730709075928,1
1,0.9182406067848206,1
1,0.5998656749725342,1
1,0.9790322780609131,1
0,0.9759268164634705,1
0,0.09349305182695389,0
