model,epoch,train_mean,train_std,val_mean,val_std
GNN-SAGE,1,0.6975785374641419,0.00419631451742303,0.7280515609248992,0.04559686079778464
GNN-SAGE,2,0.6852319955825805,0.004055874694350551,0.7024484695926789,0.045490197041910645
GNN-SAGE,3,0.6629670023918152,0.006074131777215116,0.6766885572864163,0.0308660803939795
GNN-SAGE,4,0.6464450240135193,0.007320462762744034,0.6562963916409401,0.024908743567232834
GNN-SAGE,5,0.6267939448356629,0.012221115106348338,0.642312277517011,0.026256897663233972
GNN-SAGE,6,0.6055244684219361,0.015720327198246002,0.6295974608390562,0.03558818932526925
GNN-SAGE,7,0.5812319159507752,0.02119813527894841,0.6131324029737903,0.04861475086897979
GNN-SAGE,8,0.5527005791664124,0.027656645283033278,0.5917810132426601,0.05857987132637837
GNN-SAGE,9,0.5218686819076538,0.03309290314282267,0.5657034966253465,0.06548599094122709
GNN-SAGE,10,0.4882203280925751,0.03967864937292135,0.5393618737497636,0.06885638423206139
GNN-SAGE,11,0.4521005153656006,0.043521486049486115,0.5139159787085749,0.07660737768599137
GNN-SAGE,12,0.4141850471496582,0.04844485748173717,0.4886432524650327,0.08551042735145374
GNN-SAGE,13,0.37642309069633484,0.05107835703318899,0.46083654588268647,0.09172966876245342
GNN-SAGE,14,0.33795605897903436,0.05338809421109796,0.4376566240864415,0.09525292219891768
GNN-SAGE,15,0.3013990014791489,0.05330997212890336,0.41746716037873294,0.10255980385744205
GNN-SAGE,16,0.26512910127639766,0.052735191478778545,0.39728347101519185,0.108264273649502
GNN-SAGE,17,0.23162424862384795,0.05029815657063959,0.3781661372030935,0.10808593511825873
GNN-SAGE,18,0.19945352375507353,0.047527853093507176,0.36926923567248926,0.10985768675001346
GNN-SAGE,19,0.17009640783071514,0.04354867391466132,0.3603852456615817,0.11693705152255791
GNN-SAGE,20,0.14265541285276412,0.03943097063802459,0.34537477800923005,0.1169880279015564
GNN-SAGE,21,0.11831260472536083,0.034518373246664666,0.3385654634045016,0.11467933766786297
GNN-SAGE,22,0.09683742746710772,0.029923601323345848,0.3418529910425986,0.11754964859911406
GNN-SAGE,23,0.07821617200970646,0.024996832078718303,0.33755713432065904,0.11945273708371527
GNN-SAGE,24,0.06268856450915332,0.020705318139057315,0.32688544796359154,0.11880028735624004
GNN-SAGE,25,0.04992590919136996,0.016889845576381946,0.3245111957673103,0.12193691146095334
GNN-SAGE,26,0.03966872766613956,0.013397619865258201,0.32754892841462163,0.12432550565501033
GNN-SAGE,27,0.031589681282639434,0.010727591313161606,0.3282769080131285,0.12540825131901756
GNN-SAGE,28,0.02531158123165364,0.00837310632617456,0.3270394171437909,0.12631284150706973
GNN-SAGE,29,0.02048881147056812,0.0065719959393814925,0.3255252161333637,0.12836609339425695
GNN-SAGE,30,0.01673927418887608,0.005134502268871611,0.323944039498606,0.13106724653194995
GNN-SAGE,31,0.01535510318353765,0.003260574357974158,0.3481359020356209,0.13898916250492924
GNN-SAGE,32,0.0128728013951331,0.0025722993162284598,0.3497742376019878,0.14321084825960712
GNN-SAGE,33,0.011072130408138,0.0020878010857128143,0.35222202347170917,0.14645755502366653
GNN-SAGE,34,0.0096624619327485,0.001681622822633667,0.3541950295048375,0.14672838056521867
GNN-SAGE,35,0.008025766195108433,0.0010529354040926366,0.37022529109831775,0.16463744095441746
GNN-SAGE,36,0.0079791424795985,3.1446106731900306e-05,0.2939489118514522,0.1495582519039031
GNN-SAGE,37,0.0073979084845632,9.645358659330023e-05,0.2932774251507175,0.14645992555925924
GNN-SAGE,38,0.0071715018711984,0.0,0.1467961342104019,0.0
GNN-SAGE,39,0.0069475565105676,0.0,0.1456170543547599,0.0
GNN-SAGE,40,0.0068441457115113,0.0,0.1457108836020192,0.0
GNN-SAGE,41,0.0068614911288022,0.0,0.1477973999515656,0.0
GNN-SAGE,42,0.0069617237895727,0.0,0.1507160740513955,0.0
GNN-SAGE,43,0.0071784667670726,0.0,0.1517415815784085,0.0
GNN-SAGE,44,0.0074738259427249,0.0,0.1511682387321226,0.0
GCNFN,1,0.698887312412262,0.013782785986231137,0.7518488730153731,0.08559677010930146
GCNFN,2,0.7071891665458679,0.02378656365597942,0.6894634615990423,0.02217045658830697
GCNFN,3,0.6782478332519531,0.012284629215654175,0.6667486006213774,0.010871885961302062
GCNFN,4,0.677195930480957,0.013923676665203584,0.6647374922229398,0.018034042101413645
GCNFN,5,0.6621365308761596,0.021428371732732786,0.6624586659093057,0.03650618052686673
GCNFN,6,0.6472349166870117,0.011620551429384523,0.6623199955109628,0.05685396697616898
GCNFN,7,0.6321507453918457,0.035152844615856826,0.6525180324431389,0.06883814113293714
GCNFN,8,0.6179051995277405,0.020066122261155804,0.6304262468891759,0.07133480628791586
GCNFN,9,0.5986444234848023,0.04383982211042771,0.6016875174737745,0.0666848289592972
GCNFN,10,0.5801989555358886,0.04409188320699688,0.5754829222156156,0.06698051943185063
GCNFN,11,0.5529256045818329,0.05220176731230212,0.554622576313634,0.07656399810289596
GCNFN,12,0.5273168087005615,0.0606457075056665,0.5401098435924899,0.0881589815200845
GCNFN,13,0.5020248472690583,0.06648716522047171,0.5267215974869266,0.10302381151379503
GCNFN,14,0.47139055132865904,0.07138954669034334,0.5116013434625442,0.11539607712087381
GCNFN,15,0.44640753269195554,0.06754028107559581,0.48825475015947895,0.1236317424714663
GCNFN,16,0.4243376314640045,0.07298711067080428,0.46093777072045106,0.11182083395086691
GCNFN,17,0.38500418663024905,0.05983552331903323,0.4365555978590442,0.10273590842130667
GCNFN,18,0.3590458810329437,0.06559636829736065,0.42342275188815204,0.10859364178236432
GCNFN,19,0.33089970946311953,0.0696096576702755,0.4163473252327211,0.11453349069643386
GCNFN,20,0.31599497199058535,0.060152772483563696,0.4061436130154517,0.11945842161472955
GCNFN,21,0.2799315243959427,0.06851542049361646,0.3989304757887317,0.12359516408858556
GCNFN,22,0.25746917128562924,0.06165840165370612,0.3887703803277784,0.11462673031606316
GCNFN,23,0.227079638838768,0.05337397773502436,0.37683756428380166,0.1125592937496684
GCNFN,24,0.2119237601757049,0.05515139983981,0.3789204228308893,0.11961654388674856
GCNFN,25,0.18722560554742806,0.04734469656528448,0.37162441745881114,0.11390246163029102
GCNFN,26,0.16569634079933163,0.04524751117349354,0.3737282999100223,0.11340620454336352
GCNFN,27,0.14585573375225064,0.03944410141181454,0.36900825192851405,0.13564542327648416
GCNFN,28,0.12671700716018675,0.04502187461918079,0.3718973098262663,0.14222521069768757
GCNFN,29,0.12179123796522613,0.025091698293007208,0.3778165309659896,0.14701603302880428
GCNFN,30,0.1102291755378246,0.026523091646577453,0.3691062581154608,0.1268572487240524
GCNFN,31,0.10258519090712068,0.028342291805825842,0.3493471876267464,0.1329610207504921
GCNFN,32,0.08164563775062555,0.019449904360660117,0.3456919923905404,0.13662563784250173
GCNFN,33,0.07821692433208222,0.027323054940560573,0.36357192454799525,0.15506075596409238
GCNFN,34,0.0625064009800553,0.01795758705393641,0.400005740504111,0.1633087908088543
GCNFN,35,0.0628515011630952,0.02804862375725379,0.3976582404105894,0.1668324243146108
GCNFN,36,0.0502155572175979,0.017304430859196075,0.3818516308261502,0.1487856061637408
GCNFN,37,0.04609437938779588,0.022143081154896223,0.36011482054187405,0.14143745951691583
GCNFN,38,0.04434119770303362,0.024894688799563202,0.3615089501104047,0.14056748207920208
GCNFN,39,0.034574602730572175,0.015009977968064192,0.38166307633922947,0.14112500730488609
GCNFN,40,0.03535955864936108,0.023360885330146946,0.39517727205830233,0.1648803225523662
GCNFN,41,0.026166439522057723,0.013344335014746016,0.42324700278620564,0.17276279793666194
GCNFN,42,0.030636313371360264,0.020565043337293514,0.3538711045377998,0.14595802906611383
GCNFN,43,0.0517568811774253,0.0,0.2274426491029801,0.0
BiGCN,1,1.5727971911430358,0.8075503650834174,0.8951601089969758,0.17053600831016116
BiGCN,2,1.05318683385849,0.21546972825819177,0.9315988479122037,0.2455408380796079
BiGCN,3,0.9158567428588867,0.21742745139477127,1.0846247026997227,0.4592814199030859
BiGCN,4,0.9363068461418151,0.2616834732891224,1.0797202817855343,0.5013353156454924
BiGCN,5,0.8789967060089111,0.2584075273762154,0.953930147232548,0.4113589637369397
BiGCN,6,0.7789931416511535,0.22049211648919995,0.8047831381520918,0.16185047600706245
BiGCN,7,0.7014089941978454,0.1097466333252669,0.6704859456708354,0.04743913010535447
BiGCN,8,0.6302731752395629,0.09649769300331955,0.6297097975207914,0.0577194462555157
BiGCN,9,0.6240226745605468,0.044857390413819906,0.630540035616967,0.08201067150242075
BiGCN,10,0.6195050477981567,0.1319553268608419,0.6294765103247857,0.08538216612765595
BiGCN,11,0.5897686123847962,0.14917020656073657,0.63873171652517,0.07112766104369977
BiGCN,12,0.5517932116985321,0.11307114831352064,0.6469881365376134,0.054887111896889114
BiGCN,13,0.5182495594024659,0.0480000627108033,0.6429739552159462,0.1033625392426791
BiGCN,14,0.48165649771690366,0.014023407198157771,0.6369490038964056,0.14190920915447927
BiGCN,15,0.44893413186073305,0.053034975068701605,0.6310005434097782,0.1721923819833127
BiGCN,16,0.44366227388381957,0.08241969309345314,0.6205504386655745,0.17748246164103385
BiGCN,17,0.4505863606929779,0.08842072425320814,0.5859360479539439,0.15126313409342265
BiGCN,18,0.43624262809753417,0.06589422224147062,0.5315571385045205,0.10488570534149202
BiGCN,19,0.3983539521694183,0.03808724724823202,0.48335451310680755,0.07102957380539941
BiGCN,20,0.35947844982147215,0.028841244011098416,0.4823205209547473,0.053685453277755
BiGCN,21,0.3415637075901031,0.03734695884781541,0.5056716488253686,0.060064424478975045
BiGCN,22,0.3468338489532471,0.05200389011698282,0.5223570177631993,0.08576270397552102
BiGCN,23,0.34267949461936953,0.055019449215290714,0.5083572572277438,0.1123827263364673
BiGCN,24,0.3241227030754089,0.050524149589105526,0.4809530934979839,0.12108902865466578
BiGCN,25,0.2969702422618866,0.03953865334282519,0.4529119306995022,0.10846614524012328
BiGCN,26,0.27667019963264466,0.031311889237879045,0.43755744195753526,0.09873737472794948
BiGCN,27,0.2656467169523239,0.03350334544621978,0.43256034235800467,0.10883827609807542
BiGCN,28,0.2639145642518997,0.03944057313289214,0.4318507102227979,0.12174643817414481
BiGCN,29,0.25753801167011253,0.04285330518895515,0.42612329913723845,0.11809378261811364
BiGCN,30,0.239862123131752,0.04336675144408203,0.4185287229476436,0.10740079790284696
BiGCN,31,0.22240211963653564,0.03693173125568291,0.4189513544882498,0.10366439616642814
BiGCN,32,0.2076539665460586,0.03195206001517749,0.42325854147634195,0.11166826838026547
BiGCN,33,0.20031002759933464,0.030458881062364718,0.42124881129111014,0.11725899228437126
BiGCN,34,0.19502161145210262,0.030609179080001693,0.409054143967167,0.11552838980248852
BiGCN,35,0.18470484614372248,0.03699802398497606,0.3860666490370227,0.1025324449960073
BiGCN,36,0.17119850814342497,0.03657172850384307,0.3723134071596207,0.09695813325312806
BiGCN,37,0.16143491566181178,0.034249088184168816,0.36266785283242503,0.09216615423802789
BiGCN,38,0.15378119498491283,0.030424122754262907,0.36395695594049265,0.09555381104742991
BiGCN,39,0.14547769576311106,0.027382029343976468,0.37246755476920834,0.10669333492182333
BiGCN,40,0.13623846322298047,0.031338118981953905,0.3777534730972782,0.12108970367210926
BiGCN,41,0.12681243270635603,0.03366469228736698,0.3919519609020602,0.132515266591899
BiGCN,42,0.1199763312935829,0.032962661827772986,0.39101511124641664,0.12930334545288283
BiGCN,43,0.11415046900510784,0.030327277070052793,0.3866649750740297,0.11904756327807718
BiGCN,44,0.10481687486171717,0.028430849705493345,0.36688017076061613,0.1031804181327017
BiGCN,45,0.09714819639921186,0.02850123848464712,0.3578455586587229,0.09546031284719013
BiGCN,46,0.09060796722769736,0.02795614481626396,0.34647178649902344,0.0925610830774738
BiGCN,47,0.08752031922340386,0.02780223997879163,0.3448875519537156,0.09892795063072204
BiGCN,48,0.08153584897518149,0.028748245715901715,0.35115505956834364,0.10549756430949196
BiGCN,49,0.07506101354956625,0.028228489017166184,0.3587799533720939,0.12134674556162431
BiGCN,50,0.07010642364621159,0.025513583689238773,0.3709212856907998,0.1296005090216065
BiGCN,51,0.06390659734606738,0.022868873727861765,0.3759979494156376,0.13253235086976803
BiGCN,52,0.0606088630855083,0.022521737433131253,0.3767567573055144,0.12230981095695354
BiGCN,53,0.05574075877666468,0.02232021365069243,0.36676217356035784,0.11277898681573688
BiGCN,54,0.051184207573533,0.02157524236411602,0.36075471754997,0.1087636639044769
BiGCN,55,0.048593869805335935,0.02021230830584756,0.3513655447190807,0.10286586737138413
BiGCN,56,0.044914388656616164,0.018947403099520137,0.35262528081094063,0.10729100405831796
BiGCN,57,0.045809824485331725,0.01730088525644149,0.32600568955944426,0.10732586156351513
BiGCN,58,0.0344273820519447,0.009757144630184443,0.2751277185255481,0.07597444362833988
BiGCN,59,0.03369174400965366,0.00868516479244713,0.27814603620959866,0.07465882586608043
BiGCN,60,0.0332590043544769,0.0,0.2462521368457425,0.0
BiGCN,61,0.0309619735926389,0.0,0.2566659681258663,0.0
BiGCN,62,0.0260697230696678,0.0,0.2641380986859721,0.0
BiGCN,63,0.0264340974390506,0.0,0.2611957057829826,0.0
BiGCN,64,0.0232245586812496,0.0,0.2567508451400264,0.0
BiGCN,65,0.0203230697661638,0.0,0.2406546377366589,0.0
BiGCN,66,0.0196181163191795,0.0,0.2401704480571131,0.0
BiGCN,67,0.0176518876105546,0.0,0.2310317562472435,0.0
BiGCN,68,0.0172203872352838,0.0,0.2370957559154879,0.0
BiGCN,69,0.0147192608565092,0.0,0.2373833041037282,0.0
BiGCN,70,0.0133420582860708,0.0,0.2385542469639932,0.0
BiGCN,71,0.0137978512793779,0.0,0.2461965930077337,0.0
BiGCN,72,0.0129184713587164,0.0,0.2536133796938004,0.0
BiGCN,73,0.0112541606649756,0.0,0.2528178307317918,0.0
BiGCN,74,0.0108706224709749,0.0,0.2570824007834157,0.0
BiGCN,75,0.0105750421062111,0.0,0.2503029300320533,0.0
BiGCN,76,0.0093684969469904,0.0,0.2439741780680994,0.0
BiGCN,77,0.0090216509997844,0.0,0.2410781921878937,0.0
GNN-CL,1,0.6925563097000123,0.01284619253908085,0.703145279422883,0.014847850705931016
GNN-CL,2,0.6490787625312805,0.015097447978577186,0.699992444438319,0.00984135137094306
GNN-CL,3,0.6101215243339538,0.008308326400426969,0.6966227746778919,0.007517284100361538
GNN-CL,4,0.5702012658119202,0.019383893545501976,0.6983607261411604,0.005902019954443929
GNN-CL,5,0.5160450220108033,0.016548743525867188,0.6987409530147429,0.0055951127971785785
GNN-CL,6,0.46270022392272947,0.01409250085238674,0.6979338122952369,0.00827552847540081
GNN-CL,7,0.4193414568901062,0.027205100489055962,0.6957411612233807,0.013421984790124486
GNN-CL,8,0.3594437539577484,0.017296076386949244,0.6926241720876386,0.021606097614343286
GNN-CL,9,0.3029396593570709,0.02290225438308916,0.6896839880174206,0.028127105801492684
GNN-CL,10,0.25053020417690275,0.021364165424558646,0.6819388604933216,0.02812720197348104
GNN-CL,11,0.20691791772842408,0.02082951990320341,0.6732345457999938,0.02581102885435529
GNN-CL,12,0.18024972379207607,0.04037163367368844,0.668746849798387,0.025037948346933507
GNN-CL,13,0.1369541317224502,0.02011090766170562,0.6580101628457345,0.02068601852856903
GNN-CL,14,0.10848049819469449,0.0196356221549395,0.6595388597057712,0.02661382574634078
GNN-CL,15,0.08393890410661693,0.01677323988313154,0.6739607657155683,0.030689171611161747
GNN-CL,16,0.06660601794719692,0.014023406467638225,0.695861065772272,0.0344783710402243
GNN-CL,17,0.04551472291350358,0.00945175688379387,0.7221180577431956,0.047978981182536865
GNN-CL,18,0.03325933925807471,0.005259766857067156,0.749157468734249,0.07258986581275488
GNN-CL,19,0.02467786706984038,0.0036092979743915874,0.7663664294827368,0.10577660421656887
GNN-CL,20,0.019554648548364577,0.0031900005156272992,0.7834740669496598,0.14848166747741284
GNN-CL,21,0.01743046529591078,0.006200489217531694,0.8245828751594789,0.22673650420846772
GNN-CL,22,0.019298288784921142,0.016021577176254128,0.8597698703888923,0.26783370243339993
GNN-CL,23,0.0083850806113332,0.001642741074770462,0.8033640230855634,0.27226916803597384
GNN-CL,24,0.008324830792844224,0.004195891132353368,0.8191300745933286,0.32943045571922847
GNN-CL,25,0.0110534147825092,0.0055332186166197,0.4317131350117345,0.011317622277044498
GNN-CL,26,0.02168287266977125,0.01747632096521555,0.4660679601853893,0.044538805561680966
GNN-CL,27,0.01440900156740095,0.011077152914367651,0.5272676714005009,0.111797978801112
GNN-CL,28,0.0187026198254898,0.015935241128318,0.6243398266453897,0.21964416196269376
GNN-CL,29,0.01049730740487575,0.00819722935557365,0.7542782752744612,0.3511611876949188
GNN-CL,30,0.03026163420872755,0.02835443773074075,0.7621229233280304,0.3437538762246408
GNN-CL,31,0.00587217969587065,0.00426047859946265,0.7215160862092049,0.27075687531502024
GNN-CL,32,0.004945415246766,0.0035841500503010996,0.7040359589361375,0.21621957901985409
GNN-CL,33,0.00475929671665645,0.00359574338654055,0.7109451293945312,0.1855167881135018
GNN-CL,34,0.0037941231275908003,0.0027845700387843,0.7266402706023185,0.16677739543299525
GNN-CL,35,0.0027512387605383498,0.0018349428428336499,0.7580523644724201,0.15859145502890315
GNN-CL,36,0.0007872995920479,0.0,0.6144387645106162,0.0
GNN-CL,37,0.0007090622093528,0.0,0.693649168937437,0.0
GNN-CL,38,0.0006898749852553,0.0,0.6335403073218561,0.0
GNN-CL,39,0.0006161686615087,0.0,0.6823647406793409,0.0
