model,fpr,tpr_mean,tpr_std
GNN-SAGE,0.0,0.15364373683056393,0.12005644246657915
GNN-SAGE,0.005,0.15364373683056393,0.12005644246657915
GNN-SAGE,0.01,0.3166077733153555,0.15937694651456394
GNN-SAGE,0.015,0.3166077733153555,0.15937694651456394
GNN-SAGE,0.02,0.35268980870599786,0.15712473704918228
GNN-SAGE,0.025,0.35268980870599786,0.15712473704918228
GNN-SAGE,0.03,0.37065236937930174,0.14764093866560488
GNN-SAGE,0.035,0.37065236937930174,0.14764093866560488
GNN-SAGE,0.04,0.47862971851836117,0.15418355606663658
GNN-SAGE,0.045,0.5116572414541409,0.16722767289735327
GNN-SAGE,0.05,0.5629846750824595,0.11366290538178477
GNN-SAGE,0.055,0.5739938493943861,0.11975091642004286
GNN-SAGE,0.06,0.5881531414297844,0.11116498576912222
GNN-SAGE,0.065,0.6080191574747765,0.10647715889514071
GNN-SAGE,0.07,0.6080191574747765,0.10647715889514071
GNN-SAGE,0.075,0.6334474273456867,0.10300395378827987
GNN-SAGE,0.08,0.6334474273456867,0.10300395378827987
GNN-SAGE,0.085,0.6460966114002453,0.10698685949656257
GNN-SAGE,0.09,0.6479314737855664,0.108389884327221
GNN-SAGE,0.095,0.6585509428121151,0.10621529403545518
GNN-SAGE,0.1,0.6622206675827573,0.10795015678665694
GNN-SAGE,0.105,0.7135481012110759,0.040477728957404306
GNN-SAGE,0.11,0.7227224131376815,0.04134846945103427
GNN-SAGE,0.115,0.7298020591553805,0.03325702687498006
GNN-SAGE,0.12,0.7353066463113438,0.0396969319479971
GNN-SAGE,0.125,0.7442554512075478,0.04162376780190374
GNN-SAGE,0.13,0.7477952742163974,0.04571212834786602
GNN-SAGE,0.135,0.7514649989870394,0.049455220846869014
GNN-SAGE,0.14,0.7620844680135882,0.04511829841124426
GNN-SAGE,0.145,0.7712930764333772,0.03874743996534447
GNN-SAGE,0.15,0.7730629879378018,0.03634623400584749
GNN-SAGE,0.155,0.7785675750937651,0.03483671326165951
GNN-SAGE,0.16,0.7785675750937651,0.03483671326165951
GNN-SAGE,0.165,0.7822372998644074,0.03845300808987356
GNN-SAGE,0.17,0.8062349810572578,0.03696629329553994
GNN-SAGE,0.17500000000000002,0.8062349810572578,0.03696629329553994
GNN-SAGE,0.18,0.817347044848735,0.04379134519102791
GNN-SAGE,0.185,0.817347044848735,0.04379134519102791
GNN-SAGE,0.19,0.8191169563531598,0.04045979947804985
GNN-SAGE,0.195,0.8208868678575845,0.04116586208481151
GNN-SAGE,0.2,0.8227217302429057,0.04234440439334408
GNN-SAGE,0.20500000000000002,0.8245908891214103,0.04410989537371791
GNN-SAGE,0.21,0.8245908891214103,0.04410989537371791
GNN-SAGE,0.215,0.8355351125524407,0.04352019129026858
GNN-SAGE,0.22,0.8355351125524407,0.04352019129026858
GNN-SAGE,0.225,0.8499542081114241,0.04468604727405513
GNN-SAGE,0.23,0.8499542081114241,0.04468604727405513
GNN-SAGE,0.23500000000000001,0.8552639426246985,0.03845628689990799
GNN-SAGE,0.24,0.8552639426246985,0.03845628689990799
GNN-SAGE,0.245,0.8605736771379728,0.03257563443355825
GNN-SAGE,0.25,0.8641784510277187,0.030458271268664676
GNN-SAGE,0.255,0.8641784510277187,0.030458271268664676
GNN-SAGE,0.26,0.8695531364218894,0.02561163820548328
GNN-SAGE,0.265,0.8732914541788986,0.026625333189136104
GNN-SAGE,0.27,0.8750613656833235,0.027617535460781464
GNN-SAGE,0.275,0.8769305245618282,0.028714334577198204
GNN-SAGE,0.28,0.8823052099559987,0.023971996901310008
GNN-SAGE,0.28500000000000003,0.8823052099559987,0.023971996901310008
GNN-SAGE,0.29,0.8950842957723502,0.027389395465414267
GNN-SAGE,0.295,0.8969191581576712,0.030215678452949885
GNN-SAGE,0.3,0.9023281400450255,0.025091491219891453
GNN-SAGE,0.305,0.9023281400450255,0.025091491219891453
GNN-SAGE,0.31,0.9058679630538752,0.022227510620100078
GNN-SAGE,0.315,0.9058679630538752,0.022227510620100078
GNN-SAGE,0.32,0.9058679630538752,0.022227510620100078
GNN-SAGE,0.325,0.9113075993289421,0.019807005517309077
GNN-SAGE,0.33,0.9113075993289421,0.019807005517309077
GNN-SAGE,0.335,0.9167815320971926,0.017991518783200596
GNN-SAGE,0.34,0.9167815320971926,0.017991518783200596
GNN-SAGE,0.34500000000000003,0.9167815320971926,0.017991518783200596
GNN-SAGE,0.35000000000000003,0.9167815320971926,0.017991518783200596
GNN-SAGE,0.355,0.9167815320971926,0.017991518783200596
GNN-SAGE,0.36,0.9204512568678348,0.021205301650303675
GNN-SAGE,0.365,0.9222211683722594,0.019180021591730073
GNN-SAGE,0.37,0.9222211683722594,0.019180021591730073
GNN-SAGE,0.375,0.9239910798766843,0.0176392270892478
GNN-SAGE,0.38,0.9239910798766843,0.0176392270892478
GNN-SAGE,0.385,0.9239910798766843,0.0176392270892478
GNN-SAGE,0.39,0.9257609913811091,0.015752658914795447
GNN-SAGE,0.395,0.9257609913811091,0.015752658914795447
GNN-SAGE,0.4,0.927530902885534,0.014498651224637317
GNN-SAGE,0.405,0.927530902885534,0.014498651224637317
GNN-SAGE,0.41000000000000003,0.9293008143899588,0.014047640572332118
GNN-SAGE,0.41500000000000004,0.9293008143899588,0.014047640572332118
GNN-SAGE,0.42,0.9329055882797046,0.01453566748654156
GNN-SAGE,0.425,0.9329055882797046,0.01453566748654156
GNN-SAGE,0.43,0.9383795210479551,0.012940388271369082
GNN-SAGE,0.435,0.9383795210479551,0.012940388271369082
GNN-SAGE,0.44,0.943918404697102,0.016971226439120364
GNN-SAGE,0.445,0.943918404697102,0.016971226439120364
GNN-SAGE,0.45,0.943918404697102,0.016971226439120364
GNN-SAGE,0.455,0.9456883162015268,0.015762768047790705
GNN-SAGE,0.46,0.9456883162015268,0.015762768047790705
GNN-SAGE,0.465,0.9493580409721691,0.02233712247480917
GNN-SAGE,0.47000000000000003,0.9493580409721691,0.02233712247480917
GNN-SAGE,0.47500000000000003,0.9511279524765939,0.021713127085334242
GNN-SAGE,0.48,0.9511279524765939,0.021713127085334242
GNN-SAGE,0.485,0.9511279524765939,0.021713127085334242
GNN-SAGE,0.49,0.9511279524765939,0.021713127085334242
GNN-SAGE,0.495,0.9546677754854433,0.019140642487295287
GNN-SAGE,0.5,0.9546677754854433,0.019140642487295287
GNN-SAGE,0.505,0.9546677754854433,0.019140642487295287
GNN-SAGE,0.51,0.9546677754854433,0.019140642487295287
GNN-SAGE,0.515,0.9546677754854433,0.019140642487295287
GNN-SAGE,0.52,0.9565026378707644,0.019438412056410077
GNN-SAGE,0.525,0.9565026378707644,0.019438412056410077
GNN-SAGE,0.53,0.9619422741458316,0.02114678248716299
GNN-SAGE,0.535,0.9619422741458316,0.02114678248716299
GNN-SAGE,0.54,0.9619422741458316,0.02114678248716299
GNN-SAGE,0.545,0.9656805919028407,0.017277284075916974
GNN-SAGE,0.55,0.9692204149116904,0.014686210730521317
GNN-SAGE,0.555,0.9747935950540209,0.014060711251059371
GNN-SAGE,0.56,0.9765635065584455,0.011951185018358903
GNN-SAGE,0.5650000000000001,0.9783983689437667,0.014444237052337324
GNN-SAGE,0.5700000000000001,0.9783983689437667,0.014444237052337324
GNN-SAGE,0.5750000000000001,0.9801682804481915,0.013127406913013003
GNN-SAGE,0.58,0.9801682804481915,0.013127406913013003
GNN-SAGE,0.585,0.9819381919526162,0.012691821554193485
GNN-SAGE,0.59,0.9819381919526162,0.012691821554193485
GNN-SAGE,0.595,0.9819381919526162,0.012691821554193485
GNN-SAGE,0.6,0.9819381919526162,0.012691821554193485
GNN-SAGE,0.605,0.9819381919526162,0.012691821554193485
GNN-SAGE,0.61,0.9856765097096256,0.01193309153915545
GNN-SAGE,0.615,0.9874464212140504,0.011957420559754562
GNN-SAGE,0.62,0.9874464212140504,0.011957420559754562
GNN-SAGE,0.625,0.9874464212140504,0.011957420559754562
GNN-SAGE,0.63,0.9874464212140504,0.011957420559754562
GNN-SAGE,0.635,0.9874464212140504,0.011957420559754562
GNN-SAGE,0.64,0.9874464212140504,0.011957420559754562
GNN-SAGE,0.645,0.989315580092555,0.01299794766314342
GNN-SAGE,0.65,0.9910854915969798,0.009695074856470816
GNN-SAGE,0.655,0.9910854915969798,0.009695074856470816
GNN-SAGE,0.66,0.9928554031014045,0.010332218446645194
GNN-SAGE,0.665,0.9928554031014045,0.010332218446645194
GNN-SAGE,0.67,0.9946253146058293,0.0071132335438198226
GNN-SAGE,0.675,0.9946253146058293,0.0071132335438198226
GNN-SAGE,0.68,0.9946253146058293,0.0071132335438198226
GNN-SAGE,0.685,0.9946253146058293,0.0071132335438198226
GNN-SAGE,0.6900000000000001,0.9946253146058293,0.0071132335438198226
GNN-SAGE,0.6950000000000001,0.9946253146058293,0.0071132335438198226
GNN-SAGE,0.7000000000000001,0.9946253146058293,0.0071132335438198226
GNN-SAGE,0.705,0.9946253146058293,0.0071132335438198226
GNN-SAGE,0.71,0.9946253146058293,0.0071132335438198226
GNN-SAGE,0.715,0.9946253146058293,0.0071132335438198226
GNN-SAGE,0.72,0.9946253146058293,0.0071132335438198226
GNN-SAGE,0.725,0.9963952261102541,0.004416122590759158
GNN-SAGE,0.73,0.9963952261102541,0.004416122590759158
GNN-SAGE,0.735,0.9963952261102541,0.004416122590759158
GNN-SAGE,0.74,0.9963952261102541,0.004416122590759158
GNN-SAGE,0.745,0.9963952261102541,0.004416122590759158
GNN-SAGE,0.75,0.998165137614679,0.00366972477064218
GNN-SAGE,0.755,0.998165137614679,0.00366972477064218
GNN-SAGE,0.76,0.998165137614679,0.00366972477064218
GNN-SAGE,0.765,0.998165137614679,0.00366972477064218
GNN-SAGE,0.77,0.998165137614679,0.00366972477064218
GNN-SAGE,0.775,0.998165137614679,0.00366972477064218
GNN-SAGE,0.78,1.0,0.0
GNN-SAGE,0.785,1.0,0.0
GNN-SAGE,0.79,1.0,0.0
GNN-SAGE,0.795,1.0,0.0
GNN-SAGE,0.8,1.0,0.0
GNN-SAGE,0.805,1.0,0.0
GNN-SAGE,0.81,1.0,0.0
GNN-SAGE,0.8150000000000001,1.0,0.0
GNN-SAGE,0.8200000000000001,1.0,0.0
GNN-SAGE,0.8250000000000001,1.0,0.0
GNN-SAGE,0.8300000000000001,1.0,0.0
GNN-SAGE,0.835,1.0,0.0
GNN-SAGE,0.84,1.0,0.0
GNN-SAGE,0.845,1.0,0.0
GNN-SAGE,0.85,1.0,0.0
GNN-SAGE,0.855,1.0,0.0
GNN-SAGE,0.86,1.0,0.0
GNN-SAGE,0.865,1.0,0.0
GNN-SAGE,0.87,1.0,0.0
GNN-SAGE,0.875,1.0,0.0
GNN-SAGE,0.88,1.0,0.0
GNN-SAGE,0.885,1.0,0.0
GNN-SAGE,0.89,1.0,0.0
GNN-SAGE,0.895,1.0,0.0
GNN-SAGE,0.9,1.0,0.0
GNN-SAGE,0.905,1.0,0.0
GNN-SAGE,0.91,1.0,0.0
GNN-SAGE,0.915,1.0,0.0
GNN-SAGE,0.92,1.0,0.0
GNN-SAGE,0.925,1.0,0.0
GNN-SAGE,0.93,1.0,0.0
GNN-SAGE,0.935,1.0,0.0
GNN-SAGE,0.9400000000000001,1.0,0.0
GNN-SAGE,0.9450000000000001,1.0,0.0
GNN-SAGE,0.9500000000000001,1.0,0.0
GNN-SAGE,0.9550000000000001,1.0,0.0
GNN-SAGE,0.96,1.0,0.0
GNN-SAGE,0.965,1.0,0.0
GNN-SAGE,0.97,1.0,0.0
GNN-SAGE,0.975,1.0,0.0
GNN-SAGE,0.98,1.0,0.0
GNN-SAGE,0.985,1.0,0.0
GNN-SAGE,0.99,1.0,0.0
GNN-SAGE,0.995,1.0,0.0
GNN-SAGE,1.0,1.0,0.0
GCNFN,0.0,0.08538536890355174,0.04593743156527519
GCNFN,0.005,0.08538536890355174,0.04593743156527519
GCNFN,0.01,0.21484173154799344,0.05550511067783041
GCNFN,0.015,0.21484173154799344,0.05550511067783041
GCNFN,0.02,0.3235772456425623,0.1421797497530888
GCNFN,0.025,0.3235772456425623,0.1421797497530888
GCNFN,0.03,0.36116938901404416,0.11403186544888187
GCNFN,0.035,0.36116938901404416,0.11403186544888187
GCNFN,0.04,0.4290322849886829,0.12876564383713968
GCNFN,0.045,0.43637173452996725,0.13254603517267377
GCNFN,0.05,0.45230093806979027,0.12267910691234367
GCNFN,0.055,0.4724844243083224,0.14460748819284305
GCNFN,0.06,0.5008030083791188,0.11077015628834867
GCNFN,0.065,0.5427216695411479,0.11164074242255186
GCNFN,0.07,0.5427216695411479,0.11164074242255186
GCNFN,0.075,0.56988919652877,0.12905409039747084
GCNFN,0.08,0.5829733086783027,0.13804716323498897
GCNFN,0.085,0.6219763126565442,0.11929779397200582
GCNFN,0.09,0.6256460374271864,0.12028276088269162
GCNFN,0.095,0.6380354179581598,0.11518940888788186
GCNFN,0.1,0.6603281385274815,0.12035448867375141
GCNFN,0.105,0.6762573420673046,0.11676724374245426
GCNFN,0.11,0.6872665163792313,0.11132475944255167
GCNFN,0.115,0.7085054544323286,0.08325897683258242
GCNFN,0.12,0.7103403168176496,0.08124780900916477
GCNFN,0.125,0.7193197761015662,0.07709459469683083
GCNFN,0.13,0.7317091566325395,0.07197076505727538
GCNFN,0.135,0.7335783155110442,0.07319987218051142
GCNFN,0.14,0.7335783155110442,0.07319987218051142
GCNFN,0.145,0.7464566487014755,0.06321625003288264
GCNFN,0.15,0.7536355420932546,0.05670788439644408
GCNFN,0.155,0.7536355420932546,0.05670788439644408
GCNFN,0.16,0.757274612476184,0.05600002329382188
GCNFN,0.165,0.759109474861505,0.05412196656394588
GCNFN,0.17,0.7664832208959731,0.05417428225243411
GCNFN,0.17500000000000002,0.7664832208959731,0.05417428225243411
GCNFN,0.18,0.7794644435659551,0.06413566563798423
GCNFN,0.185,0.7794644435659551,0.06413566563798423
GCNFN,0.19,0.7794644435659551,0.06413566563798423
GCNFN,0.195,0.7900839125925038,0.055189631143342376
GCNFN,0.2,0.793753637363146,0.051843358806697624
GCNFN,0.20500000000000002,0.793753637363146,0.051843358806697624
GCNFN,0.21,0.793753637363146,0.051843358806697624
GCNFN,0.215,0.8081077820412332,0.04370106983358582
GCNFN,0.22,0.8081077820412332,0.04370106983358582
GCNFN,0.225,0.8263265041326516,0.03689971170381019
GCNFN,0.23,0.8263265041326516,0.03689971170381019
GCNFN,0.23500000000000001,0.8299962289032937,0.03665291412348737
GCNFN,0.24,0.8299962289032937,0.03665291412348737
GCNFN,0.245,0.8389756881872102,0.03483299881987617
GCNFN,0.25,0.8389756881872102,0.03483299881987617
GCNFN,0.255,0.8389756881872102,0.03483299881987617
GCNFN,0.26,0.8407455996916351,0.03132719532530492
GCNFN,0.265,0.8463530763271491,0.036345691499726246
GCNFN,0.27,0.8498928993359985,0.037333858898499266
GCNFN,0.275,0.8517620582145033,0.0393660956941339
GCNFN,0.28,0.8588417042322025,0.026768126869757332
GCNFN,0.28500000000000003,0.8588417042322025,0.026768126869757332
GCNFN,0.29,0.8643462913881658,0.027241109228985635
GCNFN,0.295,0.8643462913881658,0.027241109228985635
GCNFN,0.3,0.8661162028925904,0.024019893503208222
GCNFN,0.305,0.8661162028925904,0.024019893503208222
GCNFN,0.31,0.8716244321540245,0.026682102547900897
GCNFN,0.315,0.8770640684290918,0.02498203366926766
GCNFN,0.32,0.8770640684290918,0.02498203366926766
GCNFN,0.325,0.8788339799335164,0.022537483895642092
GCNFN,0.33,0.8788339799335164,0.022537483895642092
GCNFN,0.335,0.8788339799335164,0.022537483895642092
GCNFN,0.34,0.8806688423188376,0.022242081944085695
GCNFN,0.34500000000000003,0.8842086653276869,0.01801595023360828
GCNFN,0.35000000000000003,0.8878783900983294,0.01878668271774195
GCNFN,0.355,0.8878783900983294,0.01878668271774195
GCNFN,0.36,0.8878783900983294,0.01878668271774195
GCNFN,0.365,0.8914182131071788,0.01502465496868054
GCNFN,0.37,0.8932530754924999,0.016350327604792932
GCNFN,0.375,0.8969228002631422,0.01817467481574213
GCNFN,0.38,0.8986927117675669,0.01640615897213413
GCNFN,0.385,0.8986927117675669,0.01640615897213413
GCNFN,0.39,0.9005618706460716,0.018639151381077437
GCNFN,0.395,0.9023967330313927,0.020561872797959294
GCNFN,0.4,0.9041666445358174,0.01850019208977235
GCNFN,0.405,0.9078706657996433,0.02288972018657902
GCNFN,0.41000000000000003,0.9096405773040681,0.021339046342137784
GCNFN,0.41500000000000004,0.9096405773040681,0.021339046342137784
GCNFN,0.42,0.9149503118173424,0.016572942357225718
GCNFN,0.425,0.9149503118173424,0.016572942357225718
GCNFN,0.43,0.9203899480924094,0.02091467211861087
GCNFN,0.435,0.9203899480924094,0.02091467211861087
GCNFN,0.44,0.9203899480924094,0.02091467211861087
GCNFN,0.445,0.9203899480924094,0.02091467211861087
GCNFN,0.45,0.9222248104777304,0.01930539230788577
GCNFN,0.455,0.9239947219821552,0.017775105732440812
GCNFN,0.46,0.9294993091381185,0.019102284272485483
GCNFN,0.465,0.9312692206425434,0.017712394125695897
GCNFN,0.47000000000000003,0.9312692206425434,0.017712394125695897
GCNFN,0.47500000000000003,0.9367088569176103,0.016215536012125484
GCNFN,0.48,0.9367088569176103,0.016215536012125484
GCNFN,0.485,0.9421484931926771,0.01785983458223068
GCNFN,0.49,0.9421484931926771,0.01785983458223068
GCNFN,0.495,0.9458868109496865,0.01784047960163216
GCNFN,0.5,0.9477216733350076,0.019891236856019002
GCNFN,0.505,0.9477216733350076,0.019891236856019002
GCNFN,0.51,0.9477216733350076,0.019891236856019002
GCNFN,0.515,0.9477216733350076,0.019891236856019002
GCNFN,0.52,0.9494915848394324,0.017644117098187594
GCNFN,0.525,0.9494915848394324,0.017644117098187594
GCNFN,0.53,0.9494915848394324,0.017644117098187594
GCNFN,0.535,0.9494915848394324,0.017644117098187594
GCNFN,0.54,0.9530314078482821,0.013655702525615548
GCNFN,0.545,0.9530314078482821,0.013655702525615548
GCNFN,0.55,0.9530314078482821,0.013655702525615548
GCNFN,0.555,0.9549005667267867,0.01418975008688768
GCNFN,0.56,0.9549005667267867,0.01418975008688768
GCNFN,0.5650000000000001,0.9566704782312115,0.012419432140973373
GCNFN,0.5700000000000001,0.9566704782312115,0.012419432140973373
GCNFN,0.5750000000000001,0.9566704782312115,0.012419432140973373
GCNFN,0.58,0.9566704782312115,0.012419432140973373
GCNFN,0.585,0.9566704782312115,0.012419432140973373
GCNFN,0.59,0.9566704782312115,0.012419432140973373
GCNFN,0.595,0.9584403897356364,0.010043426129223319
GCNFN,0.6,0.9602752521209574,0.012878199422233476
GCNFN,0.605,0.9602752521209574,0.012878199422233476
GCNFN,0.61,0.9602752521209574,0.012878199422233476
GCNFN,0.615,0.962144410999462,0.013732318590697516
GCNFN,0.62,0.962144410999462,0.013732318590697516
GCNFN,0.625,0.962144410999462,0.013732318590697516
GCNFN,0.63,0.962144410999462,0.013732318590697516
GCNFN,0.635,0.962144410999462,0.013732318590697516
GCNFN,0.64,0.9639143225038869,0.012130696672423346
GCNFN,0.645,0.9639143225038869,0.012130696672423346
GCNFN,0.65,0.9639143225038869,0.012130696672423346
GCNFN,0.655,0.9639143225038869,0.012130696672423346
GCNFN,0.66,0.9675533928868163,0.011700917305278712
GCNFN,0.665,0.9675533928868163,0.011700917305278712
GCNFN,0.67,0.9675533928868163,0.011700917305278712
GCNFN,0.675,0.9675533928868163,0.011700917305278712
GCNFN,0.68,0.9675533928868163,0.011700917305278712
GCNFN,0.685,0.9675533928868163,0.011700917305278712
GCNFN,0.6900000000000001,0.9693882552721373,0.01160946444075402
GCNFN,0.6950000000000001,0.9711581667765621,0.009951926104482046
GCNFN,0.7000000000000001,0.9711581667765621,0.009951926104482046
GCNFN,0.705,0.9764679012898364,0.004109140155902369
GCNFN,0.71,0.9764679012898364,0.004109140155902369
GCNFN,0.715,0.9819075375649036,0.005506726641147234
GCNFN,0.72,0.9819075375649036,0.005506726641147234
GCNFN,0.725,0.9836774490693282,0.006651824214371479
GCNFN,0.73,0.9836774490693282,0.006651824214371479
GCNFN,0.735,0.985447360573753,0.009123057948157424
GCNFN,0.74,0.985447360573753,0.009123057948157424
GCNFN,0.745,0.985447360573753,0.009123057948157424
GCNFN,0.75,0.9872172720781778,0.007300458830449199
GCNFN,0.755,0.9872172720781778,0.007300458830449199
GCNFN,0.76,0.9872172720781778,0.007300458830449199
GCNFN,0.765,0.9872172720781778,0.007300458830449199
GCNFN,0.77,0.9890521344634988,0.006807222110164654
GCNFN,0.775,0.9890521344634988,0.006807222110164654
GCNFN,0.78,0.9908220459679237,0.00591357687403226
GCNFN,0.785,0.9908220459679237,0.00591357687403226
GCNFN,0.79,0.9908220459679237,0.00591357687403226
GCNFN,0.795,0.9908220459679237,0.00591357687403226
GCNFN,0.8,0.9926912048464285,0.003657925828489417
GCNFN,0.805,0.9926912048464285,0.003657925828489417
GCNFN,0.81,0.9944611163508531,0.004522913023410895
GCNFN,0.8150000000000001,0.9944611163508531,0.004522913023410895
GCNFN,0.8200000000000001,0.9944611163508531,0.004522913023410895
GCNFN,0.8250000000000001,0.9944611163508531,0.004522913023410895
GCNFN,0.8300000000000001,0.9944611163508531,0.004522913023410895
GCNFN,0.835,0.9944611163508531,0.004522913023410895
GCNFN,0.84,0.9944611163508531,0.004522913023410895
GCNFN,0.845,0.9944611163508531,0.004522913023410895
GCNFN,0.85,0.9944611163508531,0.004522913023410895
GCNFN,0.855,0.9944611163508531,0.004522913023410895
GCNFN,0.86,0.9944611163508531,0.004522913023410895
GCNFN,0.865,0.9944611163508531,0.004522913023410895
GCNFN,0.87,0.9944611163508531,0.004522913023410895
GCNFN,0.875,0.9944611163508531,0.004522913023410895
GCNFN,0.88,0.9944611163508531,0.004522913023410895
GCNFN,0.885,0.9944611163508531,0.004522913023410895
GCNFN,0.89,0.9944611163508531,0.004522913023410895
GCNFN,0.895,0.9962959787361744,0.004536805143261261
GCNFN,0.9,0.9962959787361744,0.004536805143261261
GCNFN,0.905,0.9962959787361744,0.004536805143261261
GCNFN,0.91,0.9962959787361744,0.004536805143261261
GCNFN,0.915,0.9962959787361744,0.004536805143261261
GCNFN,0.92,0.9962959787361744,0.004536805143261261
GCNFN,0.925,0.998165137614679,0.00366972477064218
GCNFN,0.93,0.998165137614679,0.00366972477064218
GCNFN,0.935,0.998165137614679,0.00366972477064218
GCNFN,0.9400000000000001,0.998165137614679,0.00366972477064218
GCNFN,0.9450000000000001,0.998165137614679,0.00366972477064218
GCNFN,0.9500000000000001,0.998165137614679,0.00366972477064218
GCNFN,0.9550000000000001,0.998165137614679,0.00366972477064218
GCNFN,0.96,1.0,0.0
GCNFN,0.965,1.0,0.0
GCNFN,0.97,1.0,0.0
GCNFN,0.975,1.0,0.0
GCNFN,0.98,1.0,0.0
GCNFN,0.985,1.0,0.0
GCNFN,0.99,1.0,0.0
GCNFN,0.995,1.0,0.0
GCNFN,1.0,1.0,0.0
BiGCN,0.0,0.09807249155676487,0.062136509994898545
BiGCN,0.005,0.09807249155676487,0.062136509994898545
BiGCN,0.01,0.2153359956112629,0.07093059817548109
BiGCN,0.015,0.2153359956112629,0.07093059817548109
BiGCN,0.02,0.3076565403488378,0.07400025442120599
BiGCN,0.025,0.3076565403488378,0.07400025442120599
BiGCN,0.03,0.3591844415324462,0.07659221534530994
BiGCN,0.035,0.3591844415324462,0.07659221534530994
BiGCN,0.04,0.41217722788729805,0.058048275372077345
BiGCN,0.045,0.46043239379658385,0.08814380603702855
BiGCN,0.05,0.46751203981428296,0.08344921820044339
BiGCN,0.055,0.47301662697024627,0.08772196732859482
BiGCN,0.06,0.506644945554317,0.04926637673912311
BiGCN,0.065,0.5336555584979047,0.059785557181433094
BiGCN,0.07,0.5336555584979047,0.059785557181433094
BiGCN,0.075,0.5864841465977803,0.025806513619390004
BiGCN,0.08,0.5958299409903036,0.04395222228577245
BiGCN,0.085,0.6264380436126954,0.042243728584173704
BiGCN,0.09,0.6413227216543658,0.05765051385471884
BiGCN,0.095,0.6607917482030383,0.054647832817117895
BiGCN,0.1,0.6699660601296438,0.05335999908770815
BiGCN,0.105,0.6858952636694668,0.05814829125790186
BiGCN,0.11,0.7171222207131092,0.05962754972459974
BiGCN,0.115,0.7296108486181625,0.061950275290118546
BiGCN,0.12,0.7332805733888046,0.05581667567361857
BiGCN,0.125,0.7582541870934405,0.05206250449179815
BiGCN,0.13,0.7582541870934405,0.05206250449179815
BiGCN,0.135,0.7619582083572662,0.04866094502084053
BiGCN,0.14,0.7619582083572662,0.04866094502084053
BiGCN,0.145,0.7674627955132295,0.03838848129528281
BiGCN,0.15,0.7692327070176543,0.03986039941149852
BiGCN,0.155,0.7839116061002231,0.022488811320264767
BiGCN,0.16,0.7839116061002231,0.022488811320264767
BiGCN,0.165,0.7912510556415076,0.029946212845950258
BiGCN,0.17,0.8057387441868583,0.031206183853202542
BiGCN,0.17500000000000002,0.8057387441868583,0.031206183853202542
BiGCN,0.18,0.8094084689575004,0.027750750054420414
BiGCN,0.185,0.8094084689575004,0.027750750054420414
BiGCN,0.19,0.8149130561134637,0.03373226126500736
BiGCN,0.195,0.820222790626738,0.03389183376820065
BiGCN,0.2,0.8220576530120592,0.037204603989277815
BiGCN,0.20500000000000002,0.8274666348994133,0.03432372434817557
BiGCN,0.21,0.8311363596700556,0.03188931971512108
BiGCN,0.215,0.8348060844406977,0.03875757481429401
BiGCN,0.22,0.8348060844406977,0.03875757481429401
BiGCN,0.225,0.8402457207157648,0.037142180750156614
BiGCN,0.23,0.8439840384727741,0.03305471261013943
BiGCN,0.23500000000000001,0.8458189008580952,0.03663256129397145
BiGCN,0.24,0.8458189008580952,0.03663256129397145
BiGCN,0.245,0.84758881236252,0.036125575660447266
BiGCN,0.25,0.8624734904041903,0.03020549105812148
BiGCN,0.255,0.8624734904041903,0.03020549105812148
BiGCN,0.26,0.8660782642939362,0.02865025240651225
BiGCN,0.265,0.8660782642939362,0.02865025240651225
BiGCN,0.27,0.8697479890645784,0.03537805405996604
BiGCN,0.275,0.8697479890645784,0.03537805405996604
BiGCN,0.28,0.8732878120734281,0.032147834586389985
BiGCN,0.28500000000000003,0.8751569709519327,0.032125115137049305
BiGCN,0.29,0.8769918333372537,0.03160097249517332
BiGCN,0.295,0.8769918333372537,0.03160097249517332
BiGCN,0.3,0.8769918333372537,0.03160097249517332
BiGCN,0.305,0.8806615581078958,0.031821684778439094
BiGCN,0.31,0.8824314696123207,0.030249746888661198
BiGCN,0.315,0.8861011943829628,0.03199672185216111
BiGCN,0.32,0.8879703532614676,0.031770536945024894
BiGCN,0.325,0.9042243112057722,0.03480354827311685
BiGCN,0.33,0.9042243112057722,0.03480354827311685
BiGCN,0.335,0.9097974913481025,0.03597195143321061
BiGCN,0.34,0.9097974913481025,0.03597195143321061
BiGCN,0.34500000000000003,0.9133373143569521,0.034179408393129246
BiGCN,0.35000000000000003,0.9133373143569521,0.034179408393129246
BiGCN,0.355,0.9151072258613769,0.03140571598176074
BiGCN,0.36,0.9169763847398815,0.03111711248934109
BiGCN,0.365,0.9169763847398815,0.03111711248934109
BiGCN,0.37,0.9169763847398815,0.03111711248934109
BiGCN,0.375,0.9169763847398815,0.03111711248934109
BiGCN,0.38,0.920516207748731,0.027574906464352893
BiGCN,0.385,0.920516207748731,0.027574906464352893
BiGCN,0.39,0.9240560307575807,0.02227307078420942
BiGCN,0.395,0.9240560307575807,0.02227307078420942
BiGCN,0.4,0.9275958537664302,0.01822214787753736
BiGCN,0.405,0.9331347374155772,0.023176215375703156
BiGCN,0.41000000000000003,0.9331347374155772,0.023176215375703156
BiGCN,0.41500000000000004,0.9331347374155772,0.023176215375703156
BiGCN,0.42,0.9402793343141725,0.01987237880669084
BiGCN,0.425,0.9402793343141725,0.01987237880669084
BiGCN,0.43,0.9421484931926773,0.01877873507548648
BiGCN,0.435,0.9421484931926773,0.01877873507548648
BiGCN,0.44,0.9421484931926773,0.01877873507548648
BiGCN,0.445,0.943918404697102,0.017870321602669884
BiGCN,0.45,0.943918404697102,0.017870321602669884
BiGCN,0.455,0.943918404697102,0.017870321602669884
BiGCN,0.46,0.949525881332616,0.01844959376223229
BiGCN,0.465,0.949525881332616,0.01844959376223229
BiGCN,0.47000000000000003,0.949525881332616,0.01844959376223229
BiGCN,0.47500000000000003,0.9512957928370408,0.015800458775650263
BiGCN,0.48,0.9512957928370408,0.015800458775650263
BiGCN,0.485,0.9512957928370408,0.015800458775650263
BiGCN,0.49,0.9512957928370408,0.015800458775650263
BiGCN,0.495,0.9512957928370408,0.015800458775650263
BiGCN,0.5,0.9549998141008667,0.017970913755028486
BiGCN,0.505,0.9549998141008667,0.017970913755028486
BiGCN,0.51,0.9586695388715087,0.020922721062747552
BiGCN,0.515,0.9586695388715087,0.020922721062747552
BiGCN,0.52,0.9586695388715087,0.020922721062747552
BiGCN,0.525,0.9586695388715087,0.020922721062747552
BiGCN,0.53,0.9604394503759336,0.01860070380907404
BiGCN,0.535,0.9604394503759336,0.01860070380907404
BiGCN,0.54,0.9604394503759336,0.01860070380907404
BiGCN,0.545,0.9604394503759336,0.01860070380907404
BiGCN,0.55,0.9604394503759336,0.01860070380907404
BiGCN,0.555,0.9622743127612547,0.020911599449097592
BiGCN,0.56,0.9622743127612547,0.020911599449097592
BiGCN,0.5650000000000001,0.9622743127612547,0.020911599449097592
BiGCN,0.5700000000000001,0.9622743127612547,0.020911599449097592
BiGCN,0.5750000000000001,0.9659133831441842,0.020190666407412895
BiGCN,0.58,0.9659133831441842,0.020190666407412895
BiGCN,0.585,0.9659133831441842,0.020190666407412895
BiGCN,0.59,0.9659133831441842,0.020190666407412895
BiGCN,0.595,0.9659133831441842,0.020190666407412895
BiGCN,0.6,0.9659133831441842,0.020190666407412895
BiGCN,0.605,0.9659133831441842,0.020190666407412895
BiGCN,0.61,0.9659133831441842,0.020190666407412895
BiGCN,0.615,0.9659133831441842,0.020190666407412895
BiGCN,0.62,0.9659133831441842,0.020190666407412895
BiGCN,0.625,0.967683294648609,0.0179324531563533
BiGCN,0.63,0.967683294648609,0.0179324531563533
BiGCN,0.635,0.967683294648609,0.0179324531563533
BiGCN,0.64,0.9694532061530337,0.016141357944799466
BiGCN,0.645,0.9694532061530337,0.016141357944799466
BiGCN,0.65,0.9694532061530337,0.016141357944799466
BiGCN,0.655,0.9694532061530337,0.016141357944799466
BiGCN,0.66,0.9694532061530337,0.016141357944799466
BiGCN,0.665,0.9694532061530337,0.016141357944799466
BiGCN,0.67,0.9712880685383547,0.016885113059921495
BiGCN,0.675,0.9712880685383547,0.016885113059921495
BiGCN,0.68,0.9712880685383547,0.016885113059921495
BiGCN,0.685,0.9712880685383547,0.016885113059921495
BiGCN,0.6900000000000001,0.9712880685383547,0.016885113059921495
BiGCN,0.6950000000000001,0.9712880685383547,0.016885113059921495
BiGCN,0.7000000000000001,0.9712880685383547,0.016885113059921495
BiGCN,0.705,0.9712880685383547,0.016885113059921495
BiGCN,0.71,0.9731229309236757,0.01834678199508166
BiGCN,0.715,0.9731229309236757,0.01834678199508166
BiGCN,0.72,0.9731229309236757,0.01834678199508166
BiGCN,0.725,0.9731229309236757,0.01834678199508166
BiGCN,0.73,0.9731229309236757,0.01834678199508166
BiGCN,0.735,0.9731229309236757,0.01834678199508166
BiGCN,0.74,0.9731229309236757,0.01834678199508166
BiGCN,0.745,0.9766627539325254,0.01418081536249506
BiGCN,0.75,0.9784326654369503,0.0130741012131687
BiGCN,0.755,0.9784326654369503,0.0130741012131687
BiGCN,0.76,0.9784326654369503,0.0130741012131687
BiGCN,0.765,0.9784326654369503,0.0130741012131687
BiGCN,0.77,0.9784326654369503,0.0130741012131687
BiGCN,0.775,0.9803018243154549,0.01398776585774526
BiGCN,0.78,0.9821366867007759,0.015739890631727507
BiGCN,0.785,0.9821366867007759,0.015739890631727507
BiGCN,0.79,0.9839065982052008,0.015150243214508136
BiGCN,0.795,0.9839065982052008,0.015150243214508136
BiGCN,0.8,0.9874464212140504,0.011957420559754562
BiGCN,0.805,0.9874464212140504,0.011957420559754562
BiGCN,0.81,0.9874464212140504,0.011957420559754562
BiGCN,0.8150000000000001,0.9874464212140504,0.011957420559754562
BiGCN,0.8200000000000001,0.9874464212140504,0.011957420559754562
BiGCN,0.8250000000000001,0.9874464212140504,0.011957420559754562
BiGCN,0.8300000000000001,0.9874464212140504,0.011957420559754562
BiGCN,0.835,0.9874464212140504,0.011957420559754562
BiGCN,0.84,0.9874464212140504,0.011957420559754562
BiGCN,0.845,0.9892163327184751,0.012985446972352562
BiGCN,0.85,0.9892163327184751,0.012985446972352562
BiGCN,0.855,0.9892163327184751,0.012985446972352562
BiGCN,0.86,0.9892163327184751,0.012985446972352562
BiGCN,0.865,0.9892163327184751,0.012985446972352562
BiGCN,0.87,0.9892163327184751,0.012985446972352562
BiGCN,0.875,0.9909862442228998,0.009696441833418761
BiGCN,0.88,0.9909862442228998,0.009696441833418761
BiGCN,0.885,0.9909862442228998,0.009696441833418761
BiGCN,0.89,0.9909862442228998,0.009696441833418761
BiGCN,0.895,0.9909862442228998,0.009696441833418761
BiGCN,0.9,0.9909862442228998,0.009696441833418761
BiGCN,0.905,0.9909862442228998,0.009696441833418761
BiGCN,0.91,0.9927561557273247,0.006669394969105367
BiGCN,0.915,0.9927561557273247,0.006669394969105367
BiGCN,0.92,0.9927561557273247,0.006669394969105367
BiGCN,0.925,0.9927561557273247,0.006669394969105367
BiGCN,0.93,0.9927561557273247,0.006669394969105367
BiGCN,0.935,0.9927561557273247,0.006669394969105367
BiGCN,0.9400000000000001,0.9927561557273247,0.006669394969105367
BiGCN,0.9450000000000001,0.9927561557273247,0.006669394969105367
BiGCN,0.9500000000000001,0.9946253146058293,0.0071132335438198226
BiGCN,0.9550000000000001,0.9946253146058293,0.0071132335438198226
BiGCN,0.96,0.9964601769911503,0.007079646017699126
BiGCN,0.965,1.0,0.0
BiGCN,0.97,1.0,0.0
BiGCN,0.975,1.0,0.0
BiGCN,0.98,1.0,0.0
BiGCN,0.985,1.0,0.0
BiGCN,0.99,1.0,0.0
BiGCN,0.995,1.0,0.0
BiGCN,1.0,1.0,0.0
GNN-CL,0.0,0.023268653081107413,0.019237662591980408
GNN-CL,0.005,0.025323698952667045,0.017068808313340837
GNN-CL,0.01,0.07261508484208816,0.07197635030222142
GNN-CL,0.015,0.07261508484208816,0.07197635030222142
GNN-CL,0.02,0.10198745142910907,0.07379212016480095
GNN-CL,0.025,0.10198745142910907,0.07379212016480095
GNN-CL,0.03,0.1357799682681561,0.08030652853159838
GNN-CL,0.035,0.1357799682681561,0.08030652853159838
GNN-CL,0.04,0.1539680359718617,0.0980089348600785
GNN-CL,0.045,0.17619216355481637,0.0812981139670329
GNN-CL,0.05,0.1797319865636659,0.07811079089755069
GNN-CL,0.055,0.181566848948987,0.07632519117828021
GNN-CL,0.06,0.1833367604534118,0.0773207432009992
GNN-CL,0.065,0.2246022707010067,0.09777848718558707
GNN-CL,0.07,0.2246022707010067,0.09777848718558707
GNN-CL,0.075,0.26477439053538193,0.12930273975407328
GNN-CL,0.08,0.2703818671708959,0.12596420748778053
GNN-CL,0.085,0.2865708742343042,0.12349676571040268
GNN-CL,0.09,0.2902405990049465,0.12924176941315685
GNN-CL,0.095,0.3008600680314951,0.12895263265322782
GNN-CL,0.1,0.3045297928021373,0.13457547796821814
GNN-CL,0.105,0.3080696158109869,0.13184481668221082
GNN-CL,0.11,0.3227485148935557,0.12569590902050123
GNN-CL,0.115,0.3316973197897594,0.1298804000142914
GNN-CL,0.12,0.3390367693310439,0.13716489365069326
GNN-CL,0.125,0.35358940875729084,0.1338233200601101
GNN-CL,0.13,0.3659787892882643,0.14143803992057083
GNN-CL,0.135,0.3678136516735854,0.14409202257996634
GNN-CL,0.14,0.37312338618685975,0.14000239736603765
GNN-CL,0.145,0.3749582485721808,0.13876200491220292
GNN-CL,0.15,0.3857762123468893,0.13901979448985916
GNN-CL,0.155,0.39311566188817365,0.14954376476774353
GNN-CL,0.16,0.4003938026540325,0.1435690565350679
GNN-CL,0.165,0.4003938026540325,0.1435690565350679
GNN-CL,0.17,0.4205502766103228,0.1401980528339257
GNN-CL,0.17500000000000002,0.4205502766103228,0.1401980528339257
GNN-CL,0.18,0.4259899128853898,0.13620103316132876
GNN-CL,0.185,0.4259899128853898,0.13620103316132876
GNN-CL,0.19,0.43313450978398527,0.13385610718189986
GNN-CL,0.195,0.43490442128841,0.1353057507299604
GNN-CL,0.2,0.4367392836737311,0.13405528681428816
GNN-CL,0.20500000000000002,0.4402791066825807,0.13439333507900858
GNN-CL,0.21,0.44761855622386504,0.14164282527113775
GNN-CL,0.215,0.45469820224156415,0.1398709039221097
GNN-CL,0.22,0.45469820224156415,0.1398709039221097
GNN-CL,0.225,0.46000793675483853,0.13743735408349145
GNN-CL,0.23,0.46187709563334317,0.13528247133674504
GNN-CL,0.23500000000000001,0.46364700713776796,0.13668858671068565
GNN-CL,0.24,0.46551616601627266,0.13460098082172464
GNN-CL,0.245,0.4672860775206974,0.13387718045677618
GNN-CL,0.25,0.46912093990601844,0.13667282324453867
GNN-CL,0.255,0.46912093990601844,0.13667282324453867
GNN-CL,0.26,0.46912093990601844,0.13667282324453867
GNN-CL,0.265,0.47285925766302783,0.1326788142601311
GNN-CL,0.27,0.4746291691674527,0.13196467627713096
GNN-CL,0.275,0.4746291691674527,0.13196467627713096
GNN-CL,0.28,0.4763990806718774,0.13335398102397888
GNN-CL,0.28500000000000003,0.4782682395503821,0.1314308940113051
GNN-CL,0.29,0.48711779707250596,0.12899853542012327
GNN-CL,0.295,0.48711779707250596,0.12899853542012327
GNN-CL,0.3,0.4964635914650294,0.1197849684572765
GNN-CL,0.305,0.5038030410063137,0.11193057199570396
GNN-CL,0.31,0.509212022893668,0.11087390465430608
GNN-CL,0.315,0.509212022893668,0.11087390465430608
GNN-CL,0.32,0.5148194995291819,0.10590067377620939
GNN-CL,0.325,0.5257330685724996,0.1137136007675572
GNN-CL,0.33,0.5257330685724996,0.1137136007675572
GNN-CL,0.335,0.5257330685724996,0.1137136007675572
GNN-CL,0.34,0.5257330685724996,0.1137136007675572
GNN-CL,0.34500000000000003,0.5328127145901986,0.11919688089455156
GNN-CL,0.35000000000000003,0.5419870265168042,0.11409054413966566
GNN-CL,0.355,0.5561463185522023,0.11567801062258865
GNN-CL,0.36,0.5635543610798539,0.1126174221480749
GNN-CL,0.365,0.5688640955931283,0.11338739439225731
GNN-CL,0.37,0.5872470159395229,0.10007751436113439
GNN-CL,0.375,0.6017310623794027,0.10992188867600526
GNN-CL,0.38,0.6072392916408368,0.10684063112736142
GNN-CL,0.385,0.6072392916408368,0.10684063112736142
GNN-CL,0.39,0.6161880965370405,0.10447747271398942
GNN-CL,0.395,0.6199264142940499,0.1003384711130576
GNN-CL,0.4,0.6216963257984747,0.09992368317155832
GNN-CL,0.405,0.6254003470623004,0.10074414235207317
GNN-CL,0.41000000000000003,0.6413295506021235,0.11365553955364967
GNN-CL,0.41500000000000004,0.6431644129874445,0.11592781197900853
GNN-CL,0.42,0.6484741475007189,0.12205743535061712
GNN-CL,0.425,0.6484741475007189,0.12205743535061712
GNN-CL,0.43,0.6539480802689694,0.12047187355523024
GNN-CL,0.435,0.6539480802689694,0.12047187355523024
GNN-CL,0.44,0.6612911719157247,0.11831173317712203
GNN-CL,0.445,0.666600906428999,0.11690299548100175
GNN-CL,0.45,0.666600906428999,0.11690299548100175
GNN-CL,0.455,0.6683708179334238,0.11903715974664539
GNN-CL,0.46,0.672040542704066,0.12319225535788905
GNN-CL,0.465,0.672040542704066,0.12319225535788905
GNN-CL,0.47000000000000003,0.672040542704066,0.12319225535788905
GNN-CL,0.47500000000000003,0.6776137228463965,0.12190236133886671
GNN-CL,0.48,0.6776137228463965,0.12190236133886671
GNN-CL,0.485,0.6887294287433446,0.11431290465559683
GNN-CL,0.49,0.6887294287433446,0.11431290465559683
GNN-CL,0.495,0.694039163256619,0.1154202273551366
GNN-CL,0.5,0.7012487110361108,0.11902987064469213
GNN-CL,0.505,0.7012487110361108,0.11902987064469213
GNN-CL,0.51,0.7048877814190402,0.11734929190230703
GNN-CL,0.515,0.7048877814190402,0.11734929190230703
GNN-CL,0.52,0.713932191583853,0.11863239774805127
GNN-CL,0.525,0.713932191583853,0.11863239774805127
GNN-CL,0.53,0.7246815623721943,0.12028605245625877
GNN-CL,0.535,0.7246815623721943,0.12028605245625877
GNN-CL,0.54,0.7317612083898934,0.11908783607347119
GNN-CL,0.545,0.7428389756881872,0.11057558866313826
GNN-CL,0.55,0.744608887192612,0.11035711929272302
GNN-CL,0.555,0.7519483367338964,0.10174608530393296
GNN-CL,0.56,0.755488159742746,0.10138517244814217
GNN-CL,0.5650000000000001,0.764597520788455,0.10501663806160025
GNN-CL,0.5700000000000001,0.764597520788455,0.10501663806160025
GNN-CL,0.5750000000000001,0.7920934442860298,0.08156532926117552
GNN-CL,0.58,0.7939626031645344,0.07887511969295538
GNN-CL,0.585,0.7939626031645344,0.07887511969295538
GNN-CL,0.59,0.7939626031645344,0.07887511969295538
GNN-CL,0.595,0.7957325146689592,0.08096860191555297
GNN-CL,0.6,0.8068788749536202,0.07553364838369726
GNN-CL,0.605,0.8104186979624697,0.07454119171980361
GNN-CL,0.61,0.8140884227331118,0.0715284279006322
GNN-CL,0.615,0.8248071391337405,0.07477386828392804
GNN-CL,0.62,0.8248071391337405,0.07477386828392804
GNN-CL,0.625,0.8320509834064158,0.07890727518506849
GNN-CL,0.63,0.8320509834064158,0.07890727518506849
GNN-CL,0.635,0.8338858457917369,0.07733566079387723
GNN-CL,0.64,0.8356557572961616,0.07696431815125518
GNN-CL,0.645,0.8374906196814826,0.07876166129174764
GNN-CL,0.65,0.8393597785599874,0.07646328946329507
GNN-CL,0.655,0.8411946409453085,0.07488609298096156
GNN-CL,0.66,0.844734463954158,0.07435925863073067
GNN-CL,0.665,0.8465693263394792,0.0728322402107935
GNN-CL,0.67,0.859382708649014,0.06439991074863198
GNN-CL,0.675,0.859382708649014,0.06439991074863198
GNN-CL,0.68,0.8665616020407931,0.06137755898930986
GNN-CL,0.685,0.8702999197978025,0.05544274194757001
GNN-CL,0.6900000000000001,0.8756746051919733,0.05894165116149651
GNN-CL,0.6950000000000001,0.8774445166963979,0.05906078512019592
GNN-CL,0.7000000000000001,0.8866188286230035,0.056673281389915606
GNN-CL,0.705,0.8901586516318529,0.05701059742669729
GNN-CL,0.71,0.8901586516318529,0.05701059742669729
GNN-CL,0.715,0.8920278105103577,0.053583966553890486
GNN-CL,0.72,0.8938969693888623,0.0502018402416954
GNN-CL,0.725,0.8957318317741834,0.05019017998026031
GNN-CL,0.73,0.8976009906526882,0.04678812027772867
GNN-CL,0.735,0.8994358530380092,0.047700801487297474
GNN-CL,0.74,0.8994358530380092,0.047700801487297474
GNN-CL,0.745,0.9048105384321798,0.051040067742389304
GNN-CL,0.75,0.9121879265721186,0.041455182457287534
GNN-CL,0.755,0.915926244329128,0.03525754426325566
GNN-CL,0.76,0.923200742989516,0.037570515223825006
GNN-CL,0.765,0.9269390607465253,0.031520108998544585
GNN-CL,0.77,0.9287739231318465,0.032758120998208726
GNN-CL,0.775,0.9325122408888559,0.027443573170694995
GNN-CL,0.78,0.9343471032741769,0.029085083650207066
GNN-CL,0.785,0.9343471032741769,0.029085083650207066
GNN-CL,0.79,0.936181965659498,0.031075202868015614
GNN-CL,0.795,0.938016828044819,0.03335158370185196
GNN-CL,0.8,0.9416558984277484,0.03324227156139963
GNN-CL,0.805,0.9434907608130697,0.03208765332084443
GNN-CL,0.81,0.9490982374485837,0.02722158473426844
GNN-CL,0.8150000000000001,0.9490982374485837,0.02722158473426844
GNN-CL,0.8200000000000001,0.9490982374485837,0.02722158473426844
GNN-CL,0.8250000000000001,0.9561778834662829,0.023119297640983444
GNN-CL,0.8300000000000001,0.9561778834662829,0.023119297640983444
GNN-CL,0.835,0.9580470423447874,0.021627184179545487
GNN-CL,0.84,0.9580470423447874,0.021627184179545487
GNN-CL,0.845,0.9598169538492123,0.02379327116218516
GNN-CL,0.85,0.9598169538492123,0.02379327116218516
GNN-CL,0.855,0.9652259357365665,0.02299560710780397
GNN-CL,0.86,0.9652259357365665,0.02299560710780397
GNN-CL,0.865,0.9652259357365665,0.02299560710780397
GNN-CL,0.87,0.9652259357365665,0.02299560710780397
GNN-CL,0.875,0.9652259357365665,0.02299560710780397
GNN-CL,0.88,0.9688650061194959,0.024408272019096493
GNN-CL,0.885,0.9706998685048169,0.025615485192871688
GNN-CL,0.89,0.9706998685048169,0.025615485192871688
GNN-CL,0.895,0.9725690273833217,0.025296464311164855
GNN-CL,0.9,0.9725690273833217,0.025296464311164855
GNN-CL,0.905,0.9725690273833217,0.025296464311164855
GNN-CL,0.91,0.9725690273833217,0.025296464311164855
GNN-CL,0.915,0.9744038897686428,0.0220160057319041
GNN-CL,0.92,0.9744038897686428,0.0220160057319041
GNN-CL,0.925,0.9744038897686428,0.0220160057319041
GNN-CL,0.93,0.976238752153964,0.01887939802835257
GNN-CL,0.935,0.976238752153964,0.01887939802835257
GNN-CL,0.9400000000000001,0.976238752153964,0.01887939802835257
GNN-CL,0.9450000000000001,0.976238752153964,0.01887939802835257
GNN-CL,0.9500000000000001,0.976238752153964,0.01887939802835257
GNN-CL,0.9550000000000001,0.9797785751628135,0.019667716627202188
GNN-CL,0.96,0.9816134375481346,0.020995852474053788
GNN-CL,0.965,0.9889871835826025,0.01075910336756809
GNN-CL,0.97,0.9889871835826025,0.01075910336756809
GNN-CL,0.975,0.9926912048464283,0.006859126846574022
GNN-CL,0.98,0.9926912048464283,0.006859126846574022
GNN-CL,0.985,0.9944611163508531,0.007356897576288692
GNN-CL,0.99,0.9944611163508531,0.007356897576288692
GNN-CL,0.995,0.998165137614679,0.00366972477064218
GNN-CL,1.0,1.0,0.0
