model,recall,precision_mean,precision_std
GNN-SAGE,0.0,1.0,0.0
GNN-SAGE,0.005,1.0,0.0
GNN-SAGE,0.01,1.0,0.0
GNN-SAGE,0.015,1.0,0.0
GNN-SAGE,0.02,1.0,0.0
GNN-SAGE,0.025,1.0,0.0
GNN-SAGE,0.03,1.0,0.0
GNN-SAGE,0.035,1.0,0.0
GNN-SAGE,0.04,1.0,0.0
GNN-SAGE,0.045,1.0,0.0
GNN-SAGE,0.05,1.0,0.0
GNN-SAGE,0.055,1.0,0.0
GNN-SAGE,0.06,1.0,0.0
GNN-SAGE,0.065,1.0,0.0
GNN-SAGE,0.07,1.0,0.0
GNN-SAGE,0.075,1.0,0.0
GNN-SAGE,0.08,0.9986921224630203,0.0026157550739593916
GNN-SAGE,0.085,0.9987685753237902,0.0024628493524199158
GNN-SAGE,0.09,0.9988365973072216,0.002326805385556918
GNN-SAGE,0.095,0.9988974864914091,0.0022050270171817044
GNN-SAGE,0.1,0.9989523284651419,0.0020953430697161495
GNN-SAGE,0.105,0.9990019651741294,0.0019960696517412834
GNN-SAGE,0.11,0.9990471177944862,0.0019057644110275441
GNN-SAGE,0.115,0.9990883561643835,0.0018232876712328762
GNN-SAGE,0.12,0.9991261632341724,0.001747673531655236
GNN-SAGE,0.125,0.9991609823845856,0.0016780352308287225
GNN-SAGE,0.13,0.9991931239388794,0.0016137521222411078
GNN-SAGE,0.135,0.9992228908394413,0.00155421832111724
GNN-SAGE,0.14,0.999250542085551,0.0014989158288980953
GNN-SAGE,0.145,0.9992762910061215,0.001447417987757049
GNN-SAGE,0.15,0.998609721535255,0.0017027966642582353
GNN-SAGE,0.155,0.9986544182981802,0.0016480526270047182
GNN-SAGE,0.16,0.9986963317456897,0.0015967175362930068
GNN-SAGE,0.165,0.9987357108128927,0.001548486527059518
GNN-SAGE,0.17,0.9987727833344918,0.0015030805555545932
GNN-SAGE,0.17500000000000002,0.9988077410896927,0.0014602647124442203
GNN-SAGE,0.18,0.9988407638496062,0.0014198188270352337
GNN-SAGE,0.185,0.9988720066901617,0.0013815529841821317
GNN-SAGE,0.19,0.9989016087597641,0.001345296709136726
GNN-SAGE,0.195,0.9989296975036538,0.001310893959788733
GNN-SAGE,0.2,0.9989563854596268,0.001278206866764242
GNN-SAGE,0.20500000000000002,0.9989817742995994,0.0012471109170290743
GNN-SAGE,0.21,0.9985064795565413,0.0012195057036161598
GNN-SAGE,0.215,0.9985411284054921,0.0011912138363529131
GNN-SAGE,0.22,0.9985742075467648,0.0011642036818841754
GNN-SAGE,0.225,0.9986058182793563,0.001138392553831185
GNN-SAGE,0.23,0.9986360576047726,0.0011137012025336328
GNN-SAGE,0.23500000000000001,0.9986650138770532,0.0010900575158124014
GNN-SAGE,0.24,0.998692764960104,0.00106739790185138
GNN-SAGE,0.245,0.9987193866899012,0.001045660434054265
GNN-SAGE,0.25,0.9987449453928654,0.0010247909751724103
GNN-SAGE,0.255,0.9987695038939208,0.0010047381918502104
GNN-SAGE,0.26,0.9987931193863677,0.0009854554182034331
GNN-SAGE,0.265,0.9988158462684247,0.0009668982168877096
GNN-SAGE,0.27,0.9988377320483176,0.000949027801646984
GNN-SAGE,0.275,0.9988588245607619,0.0009318051157611433
GNN-SAGE,0.28,0.9988791641987991,0.0009151971731987225
GNN-SAGE,0.28500000000000003,0.9988987921637085,0.0008991703315464927
GNN-SAGE,0.29,0.9989177442330565,0.0008836953873021251
GNN-SAGE,0.295,0.9989360545915933,0.00086874440088716
GNN-SAGE,0.3,0.9989537564279234,0.0008542903156960582
GNN-SAGE,0.305,0.9989708787748288,0.0008403093892395653
GNN-SAGE,0.31,0.9989874492221574,0.0008267791070345511
GNN-SAGE,0.315,0.9986726647282511,0.000663714757458699
GNN-SAGE,0.32,0.9986933704234531,0.000653361176361
GNN-SAGE,0.325,0.9987134401774943,0.0006433255867027632
GNN-SAGE,0.33,0.9984193851763538,0.0009930395575847354
GNN-SAGE,0.335,0.9984429251593688,0.0009782641657566126
GNN-SAGE,0.34,0.9984657742902661,0.0009639213616160752
GNN-SAGE,0.34500000000000003,0.9984879627903718,0.0009499933821078118
GNN-SAGE,0.35000000000000003,0.9985095178276255,0.0009364622308161075
GNN-SAGE,0.355,0.998530468217831,0.0009233105575124106
GNN-SAGE,0.36,0.9985508367740147,0.0009105239942755584
GNN-SAGE,0.365,0.9985706488682728,0.0008980862852278405
GNN-SAGE,0.37,0.9983069372392848,0.0010537222448486153
GNN-SAGE,0.375,0.998329459761,0.0010397136788893072
GNN-SAGE,0.38,0.998318825585638,0.0010617781452958628
GNN-SAGE,0.385,0.9978321294727426,0.001375969813729707
GNN-SAGE,0.39,0.9978598386117747,0.0013583983371043562
GNN-SAGE,0.395,0.9978868498743584,0.0013412681086087527
GNN-SAGE,0.4,0.9979131865119619,0.0013245660104120372
GNN-SAGE,0.405,0.9979388754333517,0.001308274267083127
GNN-SAGE,0.41000000000000003,0.9979639391887927,0.0012923784323652257
GNN-SAGE,0.41500000000000004,0.9979884008191929,0.0012768644998733733
GNN-SAGE,0.42,0.9980122817647981,0.0012617181768854316
GNN-SAGE,0.425,0.9980356021599455,0.0012469274069339042
GNN-SAGE,0.43,0.9980583817660648,0.0012324792767756593
GNN-SAGE,0.435,0.9980806392989348,0.0012183618083184105
GNN-SAGE,0.44,0.9981023920017895,0.0012045646734996497
GNN-SAGE,0.445,0.9981236573956089,0.0011910760382562837
GNN-SAGE,0.45,0.9981444513634271,0.0011778863696665148
GNN-SAGE,0.455,0.9981647894717358,0.001164985662155992
GNN-SAGE,0.46,0.9979604849580921,0.0014932597874496327
GNN-SAGE,0.465,0.9979823471354081,0.001477276483350288
GNN-SAGE,0.47000000000000003,0.9980037456738335,0.0014616312857313309
GNN-SAGE,0.47500000000000003,0.9980246953030256,0.001446313900041183
GNN-SAGE,0.48,0.9980452094115,0.0014313146379563314
GNN-SAGE,0.485,0.9980653016524073,0.0014166229217218332
GNN-SAGE,0.49,0.9978715355845589,0.0014983743467089157
GNN-SAGE,0.495,0.9978929673607766,0.0014833026960653414
GNN-SAGE,0.5,0.9979139722831999,0.0014685306860013892
GNN-SAGE,0.505,0.9979345619106186,0.001454050738026816
GNN-SAGE,0.51,0.9977491044741399,0.001183699761702192
GNN-SAGE,0.515,0.9977708956807575,0.0011722633927165461
GNN-SAGE,0.52,0.9975941509353101,0.001485975436593983
GNN-SAGE,0.525,0.9976169885291739,0.0014719053241125423
GNN-SAGE,0.53,0.9976393963246023,0.0014580993592698884
GNN-SAGE,0.535,0.9976613867759534,0.001444550066749743
GNN-SAGE,0.54,0.9976829714281206,0.001431249735909428
GNN-SAGE,0.545,0.9977041608388287,0.001418192714240074
GNN-SAGE,0.55,0.997724966721924,0.0014053714810533533
GNN-SAGE,0.555,0.9977453985200041,0.001392780307834999
GNN-SAGE,0.56,0.9977654668542169,0.0013804123605968492
GNN-SAGE,0.5650000000000001,0.9977851810801133,0.0013682620017698719
GNN-SAGE,0.5700000000000001,0.9978045501659001,0.0013563240005336004
GNN-SAGE,0.5750000000000001,0.9978235837416898,0.0013445925486806135
GNN-SAGE,0.58,0.9978422901301375,0.001333062005761647
GNN-SAGE,0.585,0.9978606774648642,0.00132172794287169
GNN-SAGE,0.59,0.9978059304464566,0.0012997759422806628
GNN-SAGE,0.595,0.9977203026493917,0.001301783605518867
GNN-SAGE,0.6,0.9973905391872651,0.0012210130124925582
GNN-SAGE,0.605,0.9972390125266151,0.0012617038562888197
GNN-SAGE,0.61,0.997261568522342,0.0012514140521250913
GNN-SAGE,0.615,0.9972837591203426,0.0012412904011311746
GNN-SAGE,0.62,0.9973055929947146,0.001231329365191733
GNN-SAGE,0.625,0.9971604814795285,0.0009952657613424474
GNN-SAGE,0.63,0.9971829461481058,0.000987410219451197
GNN-SAGE,0.635,0.9972050578832883,0.000979677861576863
GNN-SAGE,0.64,0.9972268254615569,0.0009720654185355775
GNN-SAGE,0.645,0.9970861652203175,0.0010948324249257515
GNN-SAGE,0.65,0.9969479033706137,0.0011792765889942392
GNN-SAGE,0.655,0.9969711208801586,0.0011703246804593936
GNN-SAGE,0.66,0.9968364532222195,0.0009993932331795244
GNN-SAGE,0.665,0.9968601572312498,0.000991921836072436
GNN-SAGE,0.67,0.996729674607989,0.0011375093467887803
GNN-SAGE,0.675,0.996647106433622,0.0012685186709570488
GNN-SAGE,0.68,0.9966262337303169,0.0013245666463909728
GNN-SAGE,0.685,0.9964991886160902,0.0012235446118477608
GNN-SAGE,0.6900000000000001,0.9965244577274207,0.0012147377652514703
GNN-SAGE,0.6950000000000001,0.9965493649274795,0.001206056563020915
GNN-SAGE,0.7000000000000001,0.9965739174628515,0.0011974986093846274
GNN-SAGE,0.705,0.996306677095409,0.001662335186148302
GNN-SAGE,0.71,0.9960406813313458,0.0016236487674686569
GNN-SAGE,0.715,0.9957758613914445,0.001224732074670668
GNN-SAGE,0.72,0.9958050618682529,0.001216308566949844
GNN-SAGE,0.725,0.9956912221942125,0.00125660528684872
GNN-SAGE,0.73,0.9957205970538563,0.0012480787950010512
GNN-SAGE,0.735,0.9956076490006494,0.0011042869659969833
GNN-SAGE,0.74,0.9954609134889619,0.0011703887574706663
GNN-SAGE,0.745,0.9953874083903598,0.0011080026518796291
GNN-SAGE,0.75,0.995383240355524,0.0010906143864015745
GNN-SAGE,0.755,0.9951719227989637,0.0011351663624050686
GNN-SAGE,0.76,0.9948591757511309,0.0010398253442234172
GNN-SAGE,0.765,0.9946924832522616,0.0011501752851827125
GNN-SAGE,0.77,0.9943242978875487,0.0013653533130927316
GNN-SAGE,0.775,0.9940939220773719,0.0014071699102736009
GNN-SAGE,0.78,0.9938666939958342,0.00132850031670631
GNN-SAGE,0.785,0.9935480415551989,0.0014871873479892167
GNN-SAGE,0.79,0.9934195346227584,0.0013532589418346218
GNN-SAGE,0.795,0.9932009862415068,0.0015559056658806319
GNN-SAGE,0.8,0.992342833560623,0.0016655128986942166
GNN-SAGE,0.805,0.992003327774885,0.0012797347017591534
GNN-SAGE,0.81,0.9919266286435953,0.0014958741303620195
GNN-SAGE,0.8150000000000001,0.9919026889110538,0.0014123424497395638
GNN-SAGE,0.8200000000000001,0.9917500656669109,0.0013800816556806127
GNN-SAGE,0.8250000000000001,0.9910348956720132,0.0014582894537561533
GNN-SAGE,0.8300000000000001,0.9906326001926968,0.0018445348267425797
GNN-SAGE,0.835,0.9901940407136524,0.0019432455281003084
GNN-SAGE,0.84,0.9900071559569363,0.0018509478065542252
GNN-SAGE,0.845,0.9897975626060902,0.0015234424966427608
GNN-SAGE,0.85,0.9893946981100699,0.0012908594123273282
GNN-SAGE,0.855,0.9890027802510997,0.0009814077860259421
GNN-SAGE,0.86,0.9885965947364623,0.0008382657257424844
GNN-SAGE,0.865,0.9881548495414105,0.00075454417435288
GNN-SAGE,0.87,0.9875169703239731,0.0010398951990900705
GNN-SAGE,0.875,0.9873544554020597,0.0010664250000349854
GNN-SAGE,0.88,0.9871949676433613,0.0012104168862544856
GNN-SAGE,0.885,0.9870355691404814,0.0010835844803655814
GNN-SAGE,0.89,0.9865351505548963,0.0012931609275012182
GNN-SAGE,0.895,0.986461921962225,0.001369540590522284
GNN-SAGE,0.9,0.9862278886307543,0.0013784521602779826
GNN-SAGE,0.905,0.9855162893746658,0.0016041606016912408
GNN-SAGE,0.91,0.9850355615215257,0.0017869193139643184
GNN-SAGE,0.915,0.9847682561162265,0.0017781714948337268
GNN-SAGE,0.92,0.9843293882328703,0.0016781290229939416
GNN-SAGE,0.925,0.9830018793489925,0.002170110062133985
GNN-SAGE,0.93,0.9826144564463506,0.001756926685167998
GNN-SAGE,0.935,0.9809951670607566,0.0025466435213700503
GNN-SAGE,0.9400000000000001,0.9800431308148111,0.002471065942694718
GNN-SAGE,0.9450000000000001,0.978570212906067,0.00275410691757994
GNN-SAGE,0.9500000000000001,0.9774813921417997,0.002062418143596485
GNN-SAGE,0.9550000000000001,0.9759230942146836,0.002169030603440269
GNN-SAGE,0.96,0.9742943690809053,0.0021934891994087507
GNN-SAGE,0.965,0.9722212818319731,0.003385952702925529
GNN-SAGE,0.97,0.9687697125033985,0.004638622758716918
GNN-SAGE,0.975,0.9634427531564974,0.006239258355483096
GNN-SAGE,0.98,0.9562214400489442,0.008267318713948533
GNN-SAGE,0.985,0.9456898073040053,0.009283386505576023
GNN-SAGE,0.99,0.9172669161572047,0.01931219648994351
GNN-SAGE,0.995,0.8512694759109476,0.03833438410315117
GNN-SAGE,1.0,0.5157817618512213,0.01100831393557356
GCNFN,0.0,1.0,0.0
GCNFN,0.005,1.0,0.0
GCNFN,0.01,1.0,0.0
GCNFN,0.015,1.0,0.0
GCNFN,0.02,1.0,0.0
GCNFN,0.025,1.0,0.0
GCNFN,0.03,1.0,0.0
GCNFN,0.035,1.0,0.0
GCNFN,0.04,1.0,0.0
GCNFN,0.045,1.0,0.0
GCNFN,0.05,1.0,0.0
GCNFN,0.055,1.0,0.0
GCNFN,0.06,1.0,0.0
GCNFN,0.065,1.0,0.0
GCNFN,0.07,1.0,0.0
GCNFN,0.075,0.9986077117327117,0.00278457653457651
GCNFN,0.08,0.9986941685765215,0.002611662846956975
GCNFN,0.085,0.9975429447852762,0.0030092673224336895
GCNFN,0.09,0.997678635662005,0.002843080487954103
GCNFN,0.095,0.9978001639244735,0.0026942393404722313
GCNFN,0.1,0.9979095767888306,0.002560236413880693
GCNFN,0.105,0.9980086306093294,0.0024389207050479833
GCNFN,0.11,0.9971458267191722,0.002330427500505516
GCNFN,0.115,0.9972693620642049,0.0022295611288385715
GCNFN,0.12,0.9965164230112018,0.0032562571282502605
GCNFN,0.125,0.9966548915591341,0.003127021887341474
GCNFN,0.13,0.9967827762663557,0.0030076435057329928
GCNFN,0.135,0.9961341899333227,0.0024479732510090954
GCNFN,0.14,0.9962715351244296,0.0023611946075051907
GCNFN,0.145,0.9963994554577351,0.0022803645863108853
GCNFN,0.15,0.9965188881068091,0.0022048796282836108
GCNFN,0.155,0.9966306516964476,0.002134237028880089
GCNFN,0.16,0.9967354639703367,0.002067976264864393
GCNFN,0.165,0.9968339490143518,0.0020057096853226706
GCNFN,0.17,0.9969266685922985,0.0019470800058126044
GCNFN,0.17500000000000002,0.9970141101184768,0.0018917833926863662
GCNFN,0.18,0.996518477683401,0.001167801386022887
GCNFN,0.185,0.9966122155324589,0.0011365068735623093
GCNFN,0.19,0.9967010455592012,0.0011068467033446892
GCNFN,0.195,0.996251256385921,0.0013185182400356934
GCNFN,0.2,0.9963445914275539,0.0012858100162787811
GCNFN,0.20500000000000002,0.9964333894838069,0.00125469171700803
GCNFN,0.21,0.9965179781468233,0.0012250391095023942
GCNFN,0.215,0.9956307259395988,0.0018194069475820562
GCNFN,0.22,0.9957295289155782,0.0017784301973400106
GCNFN,0.225,0.9958239651114396,0.0017392655315287635
GCNFN,0.23,0.9959143126098811,0.001701783562560355
GCNFN,0.23500000000000001,0.996000830534616,0.001665892766181712
GCNFN,0.24,0.995650391208374,0.0019492400522561186
GCNFN,0.245,0.9957387054787926,0.0019097963867155624
GCNFN,0.25,0.9958235036558369,0.0018719213345743634
GCNFN,0.255,0.994282977451293,0.0015254475512913033
GCNFN,0.26,0.994392258754595,0.0014964600516355236
GCNFN,0.265,0.9944974434718137,0.0014685484018844726
GCNFN,0.27,0.9945987508773715,0.0014416634260260904
GCNFN,0.275,0.9943580616265264,0.0011967460397328542
GCNFN,0.28,0.9944212257400519,0.0011727232805325508
GCNFN,0.28500000000000003,0.9945185387826084,0.0011523746854868381
GCNFN,0.29,0.9942526228176016,0.0007265598382168919
GCNFN,0.295,0.9939968849500549,0.0008827607488778513
GCNFN,0.3,0.9937539957243535,0.0008489449736413752
GCNFN,0.305,0.993516274495204,0.0012792002154792578
GCNFN,0.31,0.9936201563128744,0.0012588417504573158
GCNFN,0.315,0.9937207645266914,0.001239118799745503
GCNFN,0.32,0.9938182461491103,0.0012200064386470473
GCNFN,0.325,0.9935933663326308,0.0014410095120693355
GCNFN,0.33,0.9936897925583887,0.001419452896657823
GCNFN,0.335,0.9937833602115054,0.00139853088390288
GCNFN,0.34,0.9938741923941612,0.0013782171853748376
GCNFN,0.34500000000000003,0.9939624101332637,0.0013584848972213938
GCNFN,0.35000000000000003,0.9937512827710497,0.0011278111370591822
GCNFN,0.355,0.9938387341977386,0.0011121165027126114
GCNFN,0.36,0.9936359289407795,0.0011725079111768492
GCNFN,0.365,0.993439399470244,0.0007228397104273261
GCNFN,0.37,0.9935274759040971,0.0007131959545131569
GCNFN,0.375,0.9932020855821767,0.00028910521479881394
GCNFN,0.38,0.9931551716219325,3.3276491709518694e-05
GCNFN,0.385,0.9929763324721256,0.0005231643131061655
GCNFN,0.39,0.9928030789769157,0.0006143282553133393
GCNFN,0.395,0.9926307665430933,0.0006240203299073129
GCNFN,0.4,0.9922051847530391,0.0014238487762359225
GCNFN,0.405,0.992047178020608,0.001490629653155662
GCNFN,0.41000000000000003,0.9921433744345727,0.0014727498866063569
GCNFN,0.41500000000000004,0.9922372720612733,0.0014552905058574889
GCNFN,0.42,0.9920853838845497,0.0014694638329162079
GCNFN,0.425,0.9921777450133276,0.0014524458869424315
GCNFN,0.43,0.9920266894682603,0.0012228967365749376
GCNFN,0.435,0.9916437546936845,0.00199491610225707
GCNFN,0.44,0.9915023754251295,0.001736283877780913
GCNFN,0.445,0.9915970199048602,0.0017171420192389427
GCNFN,0.45,0.990780558322861,0.0019043834376334513
GCNFN,0.455,0.9906549614926303,0.0021914121978342965
GCNFN,0.46,0.990688136718856,0.002095006275695075
GCNFN,0.465,0.9906314918458279,0.0019296641370551793
GCNFN,0.47000000000000003,0.9902900018503249,0.0014576170856671982
GCNFN,0.47500000000000003,0.9903912093223672,0.0014425771862609691
GCNFN,0.48,0.9904903264592351,0.0014278474212588031
GCNFN,0.485,0.9903773898283212,0.0014943418989985728
GCNFN,0.49,0.9904746213054179,0.0014793867311354298
GCNFN,0.495,0.9905699083968427,0.0014647255344284018
GCNFN,0.5,0.9904562813023702,0.0011977145351970777
GCNFN,0.505,0.9905498661346284,0.001186085603106472
GCNFN,0.51,0.9906375853133358,0.0011706412089387487
GCNFN,0.515,0.9903311787184638,0.0013662253963138305
GCNFN,0.52,0.9904232393002091,0.0013533556537400834
GCNFN,0.525,0.9899255927351476,0.0009766818000205583
GCNFN,0.53,0.989825807021733,0.0013362019803347025
GCNFN,0.535,0.989728744606684,0.0013187102446173976
GCNFN,0.54,0.9898228646510863,0.0013067629850133918
GCNFN,0.545,0.9893497625843926,0.0009442550329003897
GCNFN,0.55,0.9892589203967782,0.0012901067103714848
GCNFN,0.555,0.9893546419818741,0.0012787486303353914
GCNFN,0.56,0.9894486725287417,0.0012675907641425718
GCNFN,0.5650000000000001,0.989177398343464,0.0015928742626865574
GCNFN,0.5700000000000001,0.9887348197336954,0.0018682801585979951
GCNFN,0.5750000000000001,0.9888316536382235,0.0018524182831445692
GCNFN,0.58,0.9887505740913769,0.002154609141681267
GCNFN,0.585,0.9884972770211231,0.0020824747414964957
GCNFN,0.59,0.9885936094197257,0.0020652518241622508
GCNFN,0.595,0.9885179788581991,0.002138698573325278
GCNFN,0.6,0.9882698772921475,0.002072878462678892
GCNFN,0.605,0.9883656578429132,0.0020561419009761787
GCNFN,0.61,0.9884598860221558,0.002039675373681752
GCNFN,0.615,0.9885526005409977,0.0020234686954709604
GCNFN,0.62,0.9884783318108477,0.0020650326979011167
GCNFN,0.625,0.9884073032750781,0.002142781954195616
GCNFN,0.63,0.988334447039013,0.001888685994726333
GCNFN,0.635,0.9879414799858173,0.0022639136979072526
GCNFN,0.64,0.9875570255408036,0.0026246307386398435
GCNFN,0.645,0.9873390626457521,0.0028120200581301436
GCNFN,0.65,0.987229526076297,0.0026190870479927643
GCNFN,0.655,0.9869050913613583,0.0029574084239483486
GCNFN,0.66,0.986795366639344,0.002806669712258243
GCNFN,0.665,0.9864835496475155,0.0025223702815683315
GCNFN,0.67,0.9861281104570703,0.0026073581476947533
GCNFN,0.675,0.9859282493261194,0.002988687261991891
GCNFN,0.68,0.9857321000542619,0.0034220339553550205
GCNFN,0.685,0.9855398756840514,0.0036755453335080976
GCNFN,0.6900000000000001,0.9854939799878387,0.0034711028266836436
GCNFN,0.6950000000000001,0.9854513366066995,0.003688780471963285
GCNFN,0.7000000000000001,0.9852624793703676,0.0037368633875001374
GCNFN,0.705,0.9850753497419248,0.0036159555327575908
GCNFN,0.71,0.9850342661849408,0.0034448609718644185
GCNFN,0.715,0.9849951718258639,0.0035057402294090263
GCNFN,0.72,0.984677577392878,0.0037290675391246308
GCNFN,0.725,0.984656754395252,0.003746092506394632
GCNFN,0.73,0.9844675764916501,0.0037901191791952756
GCNFN,0.735,0.984161309537188,0.003854720762151292
GCNFN,0.74,0.9842624234281623,0.0038313513872663733
GCNFN,0.745,0.9839946038896136,0.004050000519515449
GCNFN,0.75,0.9840665532845023,0.004072498153865664
GCNFN,0.755,0.9839023437085517,0.003952853323556602
GCNFN,0.76,0.9833455190434381,0.004405990791345255
GCNFN,0.765,0.9829192355653232,0.0037905232874851373
GCNFN,0.77,0.9828952026647553,0.0036013087894567293
GCNFN,0.775,0.9822475558784902,0.0034103865847923964
GCNFN,0.78,0.9820756626317383,0.0033791696311587954
GCNFN,0.785,0.9820588112061062,0.0032613153247785295
GCNFN,0.79,0.9817887917183938,0.0034408069834358764
GCNFN,0.795,0.9819011811853008,0.0034199402195124722
GCNFN,0.8,0.981783435616242,0.003155541581990692
GCNFN,0.805,0.9817457972354576,0.0032629721419614507
GCNFN,0.81,0.9816083826788902,0.0033645174243099913
GCNFN,0.8150000000000001,0.9813492174702771,0.003599005922968935
GCNFN,0.8200000000000001,0.9809727103292163,0.003987170156268574
GCNFN,0.8250000000000001,0.9808431509138332,0.004120504604207646
GCNFN,0.8300000000000001,0.9802930819185104,0.00420765149116724
GCNFN,0.835,0.9797433737174661,0.004150300218432564
GCNFN,0.84,0.9796216742709619,0.004194480483920113
GCNFN,0.845,0.9794518530194349,0.004409732872425041
GCNFN,0.85,0.978912920624808,0.004439611640980906
GCNFN,0.855,0.9785593848228628,0.004234426470718239
GCNFN,0.86,0.9778738472710078,0.004738329940961064
GCNFN,0.865,0.9770946747579071,0.004649804998305541
GCNFN,0.87,0.9762787856112538,0.003996760666184167
GCNFN,0.875,0.975731462862926,0.004276107993998246
GCNFN,0.88,0.9750687109452434,0.004139528142774154
GCNFN,0.885,0.9746593658311788,0.004403756934520969
GCNFN,0.89,0.973666589712329,0.004307323053041196
GCNFN,0.895,0.9726618660321906,0.004818565852663683
GCNFN,0.9,0.9716565893255373,0.004941333341875274
GCNFN,0.905,0.9706413994148793,0.005167293073792835
GCNFN,0.91,0.9702096524677186,0.00484093487459324
GCNFN,0.915,0.9693986154466303,0.004887547693287527
GCNFN,0.92,0.9678994267908576,0.005003862492684851
GCNFN,0.925,0.9666456994441249,0.005014134895695593
GCNFN,0.93,0.9658391247912611,0.005177908169240739
GCNFN,0.935,0.9644906614230024,0.0058692006079807315
GCNFN,0.9400000000000001,0.9628868947378593,0.006158424731639608
GCNFN,0.9450000000000001,0.9608595999183394,0.005965805840198384
GCNFN,0.9500000000000001,0.9582406100213161,0.006844934497087767
GCNFN,0.9550000000000001,0.9548682554732892,0.008142707696098544
GCNFN,0.96,0.9504320467771696,0.008409346541324395
GCNFN,0.965,0.9472794282245152,0.008502641317875863
GCNFN,0.97,0.9402446967852521,0.00960654369197936
GCNFN,0.975,0.925563240133177,0.01074246465234992
GCNFN,0.98,0.9066230326537399,0.006333116569623908
GCNFN,0.985,0.8686220036853692,0.011794602260652962
GCNFN,0.99,0.8092686217964147,0.03440014441062712
GCNFN,0.995,0.687854616339451,0.04210201774058496
GCNFN,1.0,0.505209238869161,0.0060734032734965195
BiGCN,0.0,1.0,0.0
BiGCN,0.005,1.0,0.0
BiGCN,0.01,1.0,0.0
BiGCN,0.015,1.0,0.0
BiGCN,0.02,1.0,0.0
BiGCN,0.025,1.0,0.0
BiGCN,0.03,1.0,0.0
BiGCN,0.035,1.0,0.0
BiGCN,0.04,1.0,0.0
BiGCN,0.045,1.0,0.0
BiGCN,0.05,1.0,0.0
BiGCN,0.055,1.0,0.0
BiGCN,0.06,0.9982752623688157,0.0034494752623687843
BiGCN,0.065,0.998406857142857,0.003186285714285697
BiGCN,0.07,0.998519825708061,0.0029603485838780143
BiGCN,0.075,0.998617816091954,0.0027643678160919724
BiGCN,0.08,0.9973978133188759,0.0031870500120685956
BiGCN,0.085,0.9975499470741129,0.003000723002133806
BiGCN,0.09,0.9976852731719903,0.002834981181731058
BiGCN,0.095,0.9978064394234932,0.0026865818872328453
BiGCN,0.1,0.9979155420068905,0.002552957527775085
BiGCN,0.105,0.9970291861641952,0.0024257273420994416
BiGCN,0.11,0.9971635811590758,0.002315991178719088
BiGCN,0.115,0.9972863463965493,0.0022157510121405335
BiGCN,0.12,0.9965402970606796,0.003229480000916835
BiGCN,0.125,0.9950385720324215,0.0048069007573676705
BiGCN,0.13,0.9952276422374684,0.004624074794924164
BiGCN,0.135,0.9954028144459472,0.004454667999859409
BiGCN,0.14,0.9955655891309483,0.004297224982679028
BiGCN,0.145,0.9957172357874479,0.004150528764265779
BiGCN,0.15,0.9958588422926816,0.0040135273575140455
BiGCN,0.155,0.9959913965601297,0.0038852674942179174
BiGCN,0.16,0.9954649423917388,0.0038828247258623516
BiGCN,0.165,0.9943468584985851,0.0036434142519067196
BiGCN,0.17,0.9945118374686791,0.003537285683888245
BiGCN,0.17500000000000002,0.9934754932922576,0.0028817114204784384
BiGCN,0.18,0.9936553569000239,0.0028025894006848935
BiGCN,0.185,0.9938255696043816,0.0027276919411100696
BiGCN,0.19,0.9939868870962008,0.0026566983400823784
BiGCN,0.195,0.9938145574780692,0.0029152297338985614
BiGCN,0.2,0.9937729725199524,0.0030874680440145298
BiGCN,0.20500000000000002,0.9939237014298881,0.0030130512103882434
BiGCN,0.21,0.9935811724850765,0.003661126759619004
BiGCN,0.215,0.9937292089038218,0.0035771492918189435
BiGCN,0.22,0.9938705659717391,0.0034969472251391224
BiGCN,0.225,0.9940056974534919,0.003420253641481985
BiGCN,0.23,0.9941349917566764,0.0033468592366615326
BiGCN,0.23500000000000001,0.9942588319854618,0.0032765439485466187
BiGCN,0.24,0.9943775472491095,0.003209123387676663
BiGCN,0.245,0.9940686344256928,0.0033695068201238035
BiGCN,0.25,0.9941863499641306,0.0033029041096377327
BiGCN,0.255,0.9942994834407065,0.0032388896608782753
BiGCN,0.26,0.9944082975018622,0.003177306169974074
BiGCN,0.265,0.9941261024309227,0.0032559978906536373
BiGCN,0.27,0.9942340561826717,0.003196348131255418
BiGCN,0.275,0.9943381187024455,0.003138841432038655
BiGCN,0.28,0.9944384858611788,0.0030833712019774136
BiGCN,0.28500000000000003,0.9945353615454968,0.003029824028585509
BiGCN,0.29,0.9946289166549711,0.002978107355412683
BiGCN,0.295,0.9947193239967842,0.0029281257294681107
BiGCN,0.3,0.9944575161188668,0.0025254059491611643
BiGCN,0.305,0.9945477789539374,0.0024844211341514045
BiGCN,0.31,0.9943010649779973,0.00270941398930656
BiGCN,0.315,0.9943909028416551,0.002666847181153857
BiGCN,0.32,0.9944779509644025,0.0026255965087837174
BiGCN,0.325,0.9940200880302548,0.002617029790751065
BiGCN,0.33,0.9940166869738192,0.0026922515533469088
BiGCN,0.335,0.9941053576542899,0.002652498577956574
BiGCN,0.34,0.9938898648924036,0.0027126583146287876
BiGCN,0.34500000000000003,0.9939777804942892,0.0026737494057935346
BiGCN,0.35000000000000003,0.9937654330612584,0.002538355074970109
BiGCN,0.355,0.9935611788775052,0.002702936619597245
BiGCN,0.36,0.9936499379298771,0.0026657754584651404
BiGCN,0.365,0.9934498860019992,0.00211607423068165
BiGCN,0.37,0.9935377699311994,0.002087804215930029
BiGCN,0.375,0.9933453095044922,0.0016002005429407292
BiGCN,0.38,0.9931627804801714,0.0017047261696168815
BiGCN,0.385,0.9932509383460795,0.0016828636944446402
BiGCN,0.39,0.9925420431185936,0.0019746409093561105
BiGCN,0.395,0.9926357043488652,0.0019499775542453047
BiGCN,0.4,0.9922158470072194,0.002563640683362432
BiGCN,0.405,0.9918040384740714,0.00272866221854568
BiGCN,0.41000000000000003,0.9919030896977554,0.002695888911930903
BiGCN,0.41500000000000004,0.9912556498593723,0.0028221895370454412
BiGCN,0.42,0.9911163818116213,0.002928682591497849
BiGCN,0.425,0.9909760124135361,0.002816782900169844
BiGCN,0.43,0.9910799156895731,0.002784507183681546
BiGCN,0.435,0.9911814532221307,0.002752963106657925
BiGCN,0.44,0.9912807051695541,0.002722125311549554
BiGCN,0.445,0.9913777475025576,0.0026919714324324688
BiGCN,0.45,0.9914726539391603,0.002662477357795618
BiGCN,0.455,0.9915654934388984,0.0026336235350307735
BiGCN,0.46,0.9914237869960706,0.0027995539925903465
BiGCN,0.465,0.9904150388161252,0.0021514184178307565
BiGCN,0.47000000000000003,0.989864342743773,0.0025045372673148424
BiGCN,0.47500000000000003,0.9896381819106825,0.0027879547338693048
BiGCN,0.48,0.9894357613874588,0.0028729865155689717
BiGCN,0.485,0.9889092097965172,0.0030179120968953734
BiGCN,0.49,0.9888162756295964,0.003131103334181636
BiGCN,0.495,0.988307687767711,0.003534605703989502
BiGCN,0.5,0.9882190993316164,0.00368947697485496
BiGCN,0.505,0.988133194424606,0.003761804072290605
BiGCN,0.51,0.9882480314826033,0.003725667964811612
BiGCN,0.515,0.9883606667879444,0.003690222227063392
BiGCN,0.52,0.9884711630756626,0.0036554425402986757
BiGCN,0.525,0.9885795822662914,0.003621313588180791
BiGCN,0.53,0.9879091660302055,0.0029464527277602384
BiGCN,0.535,0.9878300378341516,0.00310493134109569
BiGCN,0.54,0.9879412754385521,0.003076811059271199
BiGCN,0.545,0.987120544084641,0.003556327608698415
BiGCN,0.55,0.9868691335837557,0.003813203349650839
BiGCN,0.555,0.9864360046431916,0.003935319050923197
BiGCN,0.56,0.9854687324222947,0.004192484301352725
BiGCN,0.5650000000000001,0.9848855812326736,0.0048225622020921935
BiGCN,0.5700000000000001,0.9844640095173247,0.00506946634341155
BiGCN,0.5750000000000001,0.9839134179496858,0.005077460626803994
BiGCN,0.58,0.9836951457686289,0.004674516515656602
BiGCN,0.585,0.9834876522419209,0.004811937380808322
BiGCN,0.59,0.983019319662106,0.005273001934875781
BiGCN,0.595,0.9825785209852027,0.005445851207634723
BiGCN,0.6,0.9824513200357888,0.005428162980799092
BiGCN,0.605,0.9822062086551016,0.005110858022180893
BiGCN,0.61,0.982331725167478,0.005067861152219659
BiGCN,0.615,0.9821892325858089,0.005101596235000052
BiGCN,0.62,0.9818009848017942,0.005341221151410519
BiGCN,0.625,0.98162129293927,0.005389676111948645
BiGCN,0.63,0.9812635654085236,0.005611025661816226
BiGCN,0.635,0.9812701907114617,0.005336067593861813
BiGCN,0.64,0.9810526763501148,0.005133644190240475
BiGCN,0.645,0.9804971238940798,0.0047265038906295145
BiGCN,0.65,0.9795155210931702,0.004631477249763491
BiGCN,0.655,0.9792018907982813,0.004007078440236363
BiGCN,0.66,0.9789028002967457,0.004119028706233295
BiGCN,0.665,0.9779051466318414,0.004372982189897013
BiGCN,0.67,0.9777193566550981,0.004574692657156546
BiGCN,0.675,0.9773029698986875,0.004341338867104571
BiGCN,0.68,0.9768280607008405,0.00451927492087547
BiGCN,0.685,0.9765876952445046,0.004345982180874747
BiGCN,0.6900000000000001,0.9766116115642856,0.004539740439520349
BiGCN,0.6950000000000001,0.9760789237104455,0.004951124334197372
BiGCN,0.7000000000000001,0.9754611771459875,0.005145380538828757
BiGCN,0.705,0.9740747610156297,0.004873012052162734
BiGCN,0.71,0.9737523209150574,0.0048238699651630915
BiGCN,0.715,0.9732634284317921,0.004675998674132292
BiGCN,0.72,0.9726896746685061,0.004871774022039898
BiGCN,0.725,0.9718288956724079,0.005159679564229366
BiGCN,0.73,0.9709285156366867,0.005258551218479645
BiGCN,0.735,0.9702825334290056,0.005348455599051711
BiGCN,0.74,0.970243697175122,0.005164930563122609
BiGCN,0.745,0.9692491326545707,0.00514857183404118
BiGCN,0.75,0.9677508845373799,0.005622439253668608
BiGCN,0.755,0.9667100945167315,0.005691325514979981
BiGCN,0.76,0.9658449323528402,0.005978639782743752
BiGCN,0.765,0.9654524060637997,0.005779255214930764
BiGCN,0.77,0.9647445511369167,0.0054598840008596335
BiGCN,0.775,0.9640851969209521,0.005631839693746013
BiGCN,0.78,0.963509389897592,0.005447414164267507
BiGCN,0.785,0.9627107354710465,0.005652484251228669
BiGCN,0.79,0.9616791189751457,0.006105708379782133
BiGCN,0.795,0.9602625634714566,0.0067671209855026705
BiGCN,0.8,0.9591389373309415,0.007437891740097971
BiGCN,0.805,0.9583814125310564,0.007511586935783941
BiGCN,0.81,0.956582318813077,0.007347664474506823
BiGCN,0.8150000000000001,0.9549063591785469,0.00762854635960003
BiGCN,0.8200000000000001,0.9540258526144172,0.007870850467889944
BiGCN,0.8250000000000001,0.9530390667551517,0.008601239409851138
BiGCN,0.8300000000000001,0.9526401788204376,0.008548985967429706
BiGCN,0.835,0.9518185058416616,0.008794811495881832
BiGCN,0.84,0.9511123268307475,0.008947354814097695
BiGCN,0.845,0.9497359223531261,0.009037302277625543
BiGCN,0.85,0.9474791896746803,0.00944211896334605
BiGCN,0.855,0.9462144369162037,0.009012708240537024
BiGCN,0.86,0.9435259432575378,0.011103074955639832
BiGCN,0.865,0.9417000616358205,0.0104400971549468
BiGCN,0.87,0.9391795557493827,0.011059788049300124
BiGCN,0.875,0.9375354940760525,0.010875615466787567
BiGCN,0.88,0.9356893406270034,0.01093513371886199
BiGCN,0.885,0.9341565258104664,0.010244359416972494
BiGCN,0.89,0.9319237478061437,0.011500411459373578
BiGCN,0.895,0.9291297521403262,0.011139328194027203
BiGCN,0.9,0.9276885135760443,0.012148555364221245
BiGCN,0.905,0.9244660679946444,0.013169848376303037
BiGCN,0.91,0.9213260838518943,0.013130614171332211
BiGCN,0.915,0.9176466550822517,0.013339886065055451
BiGCN,0.92,0.913148880383828,0.014869449888948009
BiGCN,0.925,0.9072398621947088,0.014733188492302308
BiGCN,0.93,0.9024326305160028,0.014151421551217788
BiGCN,0.935,0.8960200941009626,0.012968967032591974
BiGCN,0.9400000000000001,0.8872624222304685,0.013283508524414685
BiGCN,0.9450000000000001,0.8786043465162863,0.014273369610610674
BiGCN,0.9500000000000001,0.8696110312505647,0.015615147387336232
BiGCN,0.9550000000000001,0.8617233883036487,0.015422008528938281
BiGCN,0.96,0.8495167708117617,0.01515281676775589
BiGCN,0.965,0.8381276813981252,0.015605800857375389
BiGCN,0.97,0.8233930514083644,0.014559760372989032
BiGCN,0.975,0.80875258584587,0.012947673953679451
BiGCN,0.98,0.7852465355002366,0.016055116270870026
BiGCN,0.985,0.7534612470978057,0.01743943387738567
BiGCN,0.99,0.7177938047422906,0.017553151471102667
BiGCN,0.995,0.6415160344437101,0.01984732431637209
BiGCN,1.0,0.5028617895198174,0.00591574356681163
GNN-CL,0.0,1.0,0.0
GNN-CL,0.005,0.9002454545454546,0.09207995806735553
GNN-CL,0.01,0.9364303594955767,0.06534745357400211
GNN-CL,0.015,0.9556737064752081,0.04614806974292706
GNN-CL,0.02,0.9611115630824083,0.035837133967043806
GNN-CL,0.025,0.9649232571403017,0.03498883952279309
GNN-CL,0.03,0.970425311775886,0.029607391646017295
GNN-CL,0.035,0.971494624095811,0.023300016814280435
GNN-CL,0.04,0.9749091649472426,0.02057589588294286
GNN-CL,0.045,0.977592169668981,0.018423081427253265
GNN-CL,0.05,0.9797571711884002,0.01667744916767388
GNN-CL,0.055,0.9815402850098283,0.015234441220694173
GNN-CL,0.06,0.9830348149182744,0.01402095905424937
GNN-CL,0.065,0.9827534101627557,0.013375798373223325
GNN-CL,0.07,0.9839536757008915,0.01245541443353124
GNN-CL,0.075,0.9849975950905838,0.011653810499482208
GNN-CL,0.08,0.9859141998876684,0.010948770165729052
GNN-CL,0.085,0.9867250886119159,0.010324354481984675
GNN-CL,0.09,0.9874477569976949,0.009767291729688907
GNN-CL,0.095,0.9880957751451674,0.00926726855307798
GNN-CL,0.1,0.9886801772892431,0.008815968991591247
GNN-CL,0.105,0.9892098998203316,0.00840657693034688
GNN-CL,0.11,0.989692182239121,0.00803353198865596
GNN-CL,0.115,0.9901332840262047,0.007692158485953308
GNN-CL,0.12,0.9905381430429735,0.007378633763480953
GNN-CL,0.125,0.9909110858293033,0.007089658229835434
GNN-CL,0.13,0.9912557454818407,0.006822473232433523
GNN-CL,0.135,0.9915752186486723,0.006574687075294733
GNN-CL,0.14,0.9918721639403142,0.006344274375142227
GNN-CL,0.145,0.9921489033307195,0.006129462581184533
GNN-CL,0.15,0.9924074026209257,0.00592872405661764
GNN-CL,0.155,0.9926494251417306,0.00574070782521532
GNN-CL,0.16,0.9928765016254054,0.005564263767035325
GNN-CL,0.165,0.9930899648037445,0.005398333103040833
GNN-CL,0.17,0.992692978039669,0.00625289578869678
GNN-CL,0.17500000000000002,0.9928991823513009,0.006077517060232349
GNN-CL,0.18,0.9930940673029337,0.005911717498471024
GNN-CL,0.185,0.9932785424332486,0.005754714482618179
GNN-CL,0.19,0.9934534151851511,0.005605844565937503
GNN-CL,0.195,0.9936194209957321,0.005464473083831206
GNN-CL,0.2,0.9937772149068012,0.005330066051252952
GNN-CL,0.20500000000000002,0.9939273925322125,0.005202103054427704
GNN-CL,0.21,0.9935791861295664,0.005316092080917809
GNN-CL,0.215,0.993726930906881,0.005194268519063624
GNN-CL,0.22,0.9938680256008234,0.005077908147288306
GNN-CL,0.225,0.9935359265809826,0.004465275006504414
GNN-CL,0.23,0.9932203544297545,0.004030682277829792
GNN-CL,0.23500000000000001,0.993363310373543,0.003946269165987461
GNN-CL,0.24,0.9935003561833812,0.0038653266289475994
GNN-CL,0.245,0.9936318607175461,0.0037876287979703343
GNN-CL,0.25,0.992934510776791,0.0038464334779606175
GNN-CL,0.255,0.9930718027446582,0.003772096712522983
GNN-CL,0.26,0.9932038648945134,0.003700592033160793
GNN-CL,0.265,0.993330988296021,0.0036317387406313026
GNN-CL,0.27,0.9934534372215733,0.003565406574051254
GNN-CL,0.275,0.993571476974213,0.0035014485028405677
GNN-CL,0.28,0.9936853290701292,0.0034397495325088137
GNN-CL,0.28500000000000003,0.9937952236611046,0.0033801831575990585
GNN-CL,0.29,0.9939013551456959,0.0033226480739672747
GNN-CL,0.295,0.9940039201451055,0.0032670345357860386
GNN-CL,0.3,0.9941030886051168,0.003213256909279146
GNN-CL,0.305,0.9941990341419042,0.0031612164775017583
GNN-CL,0.31,0.9939594568428282,0.0034505520659576447
GNN-CL,0.315,0.9940545845747296,0.003396455844937465
GNN-CL,0.32,0.9941467585318643,0.0033440330101461185
GNN-CL,0.325,0.9942361213530763,0.003293201045734572
GNN-CL,0.33,0.9943227944338912,0.0032438936840873396
GNN-CL,0.335,0.9944069008132062,0.003196039031122325
GNN-CL,0.34,0.9944885503848477,0.0031495771328407516
GNN-CL,0.34500000000000003,0.9942696991318076,0.0030719479835013366
GNN-CL,0.35000000000000003,0.9943509645555704,0.003028539459935705
GNN-CL,0.355,0.9944299588111465,0.0029863406205448985
GNN-CL,0.36,0.9945067727705916,0.002945301447600452
GNN-CL,0.365,0.9942991653252828,0.003245189565586096
GNN-CL,0.37,0.9943756297092751,0.003201828453830129
GNN-CL,0.375,0.9944500703392654,0.003159612935661105
GNN-CL,0.38,0.9945225665263973,0.003118494001867873
GNN-CL,0.385,0.9945931924836303,0.0030784336554786095
GNN-CL,0.39,0.9946620211473067,0.0030393873856609465
GNN-CL,0.395,0.9947291187042593,0.0030013212825313515
GNN-CL,0.4,0.9942761625343259,0.0029179894950326596
GNN-CL,0.405,0.9940916703992884,0.0032054043537554718
GNN-CL,0.41000000000000003,0.9936567284278487,0.003205018158743779
GNN-CL,0.41500000000000004,0.993732551412015,0.0031669162982786527
GNN-CL,0.42,0.9938065845792465,0.00312970750771286
GNN-CL,0.425,0.9936332145629064,0.0029363878568943107
GNN-CL,0.43,0.9937066815679957,0.0029026833553041395
GNN-CL,0.435,0.993539942847524,0.0025762402534490027
GNN-CL,0.44,0.9936128093726555,0.002547361638989709
GNN-CL,0.445,0.9936840499655897,0.002519124505253472
GNN-CL,0.45,0.9937537193425318,0.0024915053663675086
GNN-CL,0.455,0.9931400472212412,0.0029793181517378748
GNN-CL,0.46,0.9932140107995476,0.0029474112706635814
GNN-CL,0.465,0.9930655368209453,0.003266842244027048
GNN-CL,0.47000000000000003,0.9931386891741981,0.0032326275743521224
GNN-CL,0.47500000000000003,0.9932103145298148,0.0031991242891604077
GNN-CL,0.48,0.9932804594500823,0.0031663060978183145
GNN-CL,0.485,0.9931376672131795,0.0034890156056873946
GNN-CL,0.49,0.9932070924144204,0.0034539828045412235
GNN-CL,0.495,0.9928599057216048,0.0038833970031023706
GNN-CL,0.5,0.9929306529652788,0.0038452076795498624
GNN-CL,0.505,0.9930000112450307,0.003807763576042283
GNN-CL,0.51,0.9928674621176699,0.0041116565168252675
GNN-CL,0.515,0.9927360916123538,0.004189864800112905
GNN-CL,0.52,0.9926049680165698,0.00406461321226983
GNN-CL,0.525,0.9924801279715512,0.004346818672317875
GNN-CL,0.53,0.9925503649646711,0.004306530970284966
GNN-CL,0.535,0.9924286085288789,0.004591085193995547
GNN-CL,0.54,0.992497995346484,0.004549351693424422
GNN-CL,0.545,0.9925661209951834,0.00450837129045315
GNN-CL,0.55,0.9926330209769901,0.004468121089707098
GNN-CL,0.555,0.9925129980915257,0.004292376592114163
GNN-CL,0.56,0.9925791875837036,0.004254738986747352
GNN-CL,0.5650000000000001,0.992644216454263,0.004217756854619188
GNN-CL,0.5700000000000001,0.9927081158667314,0.00418141079337279
GNN-CL,0.5750000000000001,0.9925899126925506,0.004084006499621811
GNN-CL,0.58,0.9926531812357462,0.004049408312031245
GNN-CL,0.585,0.9927153778418265,0.004015392214895508
GNN-CL,0.59,0.9924245588611684,0.003751644853350637
GNN-CL,0.595,0.9921413585683989,0.0036545144563647136
GNN-CL,0.6,0.9920006813606719,0.0037756074307606323
GNN-CL,0.605,0.9919309855113362,0.003963058758935422
GNN-CL,0.61,0.991930144968789,0.0039140463537619755
GNN-CL,0.615,0.9918921119660981,0.003865070953621469
GNN-CL,0.62,0.9919568529824542,0.0038344497594575517
GNN-CL,0.625,0.9918560607212173,0.0039036693917825042
GNN-CL,0.63,0.9919200534690571,0.0038732235777687654
GNN-CL,0.635,0.9919830477379048,0.0038432485824421644
GNN-CL,0.64,0.9917238778801787,0.003812332126672948
GNN-CL,0.645,0.9916289217900094,0.0040178030172242935
GNN-CL,0.65,0.9912182540677366,0.004302709759408367
GNN-CL,0.655,0.9908131313892132,0.004076845279273056
GNN-CL,0.66,0.9908819689740314,0.00404655025901471
GNN-CL,0.665,0.9909497832494836,0.0040167018301123176
GNN-CL,0.67,0.9908643467423438,0.00421058814795748
GNN-CL,0.675,0.9901699596088239,0.0043436033916076835
GNN-CL,0.68,0.9897913961138851,0.004768302530968624
GNN-CL,0.685,0.9897166517405594,0.004941707560508575
GNN-CL,0.6900000000000001,0.98979023247728,0.004906659870420694
GNN-CL,0.6950000000000001,0.9897167089096554,0.00508499794702932
GNN-CL,0.7000000000000001,0.9896443886664112,0.0052680604084333
GNN-CL,0.705,0.9895861810579142,0.005434481222370424
GNN-CL,0.71,0.9895000807184336,0.005383826967217543
GNN-CL,0.715,0.9892862156387835,0.0053948805902806945
GNN-CL,0.72,0.9889359640983788,0.005760653010336988
GNN-CL,0.725,0.9887615907771894,0.005912380746479815
GNN-CL,0.73,0.9886674992575081,0.006086542139080747
GNN-CL,0.735,0.9887434736702438,0.006046182651257346
GNN-CL,0.74,0.9882659930313743,0.00626202884440596
GNN-CL,0.745,0.9880681624675818,0.006142184478188204
GNN-CL,0.75,0.9880097219712372,0.005980437328093176
GNN-CL,0.755,0.9874095656781444,0.005942448342067675
GNN-CL,0.76,0.9873553721974233,0.005746517688254684
GNN-CL,0.765,0.987302066251267,0.0055619794322927345
GNN-CL,0.77,0.9872496255218088,0.005389277031011304
GNN-CL,0.775,0.9871997520943825,0.005458185092438811
GNN-CL,0.78,0.9871004106503001,0.005462555056505477
GNN-CL,0.785,0.9869693943651756,0.005358533856509584
GNN-CL,0.79,0.9864015394561966,0.004984549220619921
GNN-CL,0.795,0.9863583624852408,0.005062297897446207
GNN-CL,0.8,0.9861882641083094,0.005103040203375772
GNN-CL,0.805,0.9862727126598229,0.005072201836743369
GNN-CL,0.81,0.9861010307034009,0.005390077320348199
GNN-CL,0.8150000000000001,0.9852488543628255,0.005021721791954393
GNN-CL,0.8200000000000001,0.9846618447154849,0.005145834486564951
GNN-CL,0.8250000000000001,0.9841344071592228,0.004875690133938386
GNN-CL,0.8300000000000001,0.9839843065905145,0.004982478149973418
GNN-CL,0.835,0.983956515678632,0.004964755262905262
GNN-CL,0.84,0.9835651932088988,0.004634380706326759
GNN-CL,0.845,0.9834209981922714,0.004622299686250601
GNN-CL,0.85,0.9833983393006493,0.004721665107060108
GNN-CL,0.855,0.9831182167557884,0.004947021451842488
GNN-CL,0.86,0.982882605439794,0.004885964452398342
GNN-CL,0.865,0.9823951293449559,0.004956400933129405
GNN-CL,0.87,0.9820134324241703,0.004610130303708551
GNN-CL,0.875,0.9815685007603203,0.004987499891753204
GNN-CL,0.88,0.9815290480934047,0.005061465772924197
GNN-CL,0.885,0.9808838132700629,0.004618765400213008
GNN-CL,0.89,0.9809231156363794,0.004543459048001665
GNN-CL,0.895,0.9803812281271347,0.0042282369029615074
GNN-CL,0.9,0.9800598678560217,0.0036618672828216334
GNN-CL,0.905,0.9794788565164965,0.00305936148192134
GNN-CL,0.91,0.9790349117368473,0.0026643784787537357
GNN-CL,0.915,0.9787090568642391,0.0024613765961269862
GNN-CL,0.92,0.9781693605694505,0.0028897532677407004
GNN-CL,0.925,0.9775725147618287,0.0027293178620323585
GNN-CL,0.93,0.9769081358770888,0.0029396249659597745
GNN-CL,0.935,0.9760981437916673,0.0027240468661543287
GNN-CL,0.9400000000000001,0.974796171893402,0.0030882840661773073
GNN-CL,0.9450000000000001,0.9726630122592883,0.003269992468472119
GNN-CL,0.9500000000000001,0.9707469125334859,0.0044643390765108145
GNN-CL,0.9550000000000001,0.9690948357525991,0.006024172171096746
GNN-CL,0.96,0.965025823682937,0.008703491636307209
GNN-CL,0.965,0.9604328391033345,0.010941203556581526
GNN-CL,0.97,0.9572133102936577,0.011925250662017958
GNN-CL,0.975,0.9518533808910735,0.013080963948933209
GNN-CL,0.98,0.9327608654069628,0.015753168202347102
GNN-CL,0.985,0.8850694222975065,0.02667516808035907
GNN-CL,0.99,0.7953947270991721,0.029904462848205943
GNN-CL,0.995,0.6573948352021333,0.052985961134964066
GNN-CL,1.0,0.5023743212810052,0.0020083790907393048
